ID do Produto;Transação;Operação (Entrada/Saída);Data de Entrada;Data de Saída;Quantidade;Data de Validade
44;ae73f3e0-18e1-4a04-bc76-0ab18d2b2e56;Entrada;2024-05-13;;1;2025-01-16
33;9783c6b1-d438-4fe8-83e3-00c9acff6c6c;Saída;;2024-05-09;2;2024-07-21
71;aeace603-7a8d-40e4-a867-875934512b84;Entrada;2024-05-19;;3;2024-07-22
70;46f7ced5-c813-467f-b434-3841bc07f702;Saída;;2024-05-06;4;2025-02-07
14;7f956a28-f232-46e0-bce8-34df88917345;Entrada;2024-05-15;;5;2024-12-02
26;725eb093-bbce-4405-a18b-09bf10104ac1;Saída;;2024-05-06;6;2024-10-23
40;62e50453-46cf-49e8-bae4-e587e13b0991;Entrada;2024-05-11;;7;2024-06-15
31;cf2ed051-c17a-411a-b184-bedc26ffb41e;Saída;;2024-05-19;8;2025-02-25
63;ecf51e1d-40d1-45f1-aaae-b76b15bc05c6;Entrada;2024-05-02;;9;2024-08-18
24;b513268a-6eec-40cf-bfc1-0c0c980b3637;Saída;;2024-05-21;10;2024-09-23
32;8eb86ca8-ceb6-48c4-a74b-0eebb921b1c5;Entrada;2024-05-14;;11;2024-12-26
70;85f535b8-3fa6-46a8-b417-b366b8ab0208;Saída;;2024-05-29;12;2024-08-07
56;318706bd-0657-4dd1-a377-cbf00e2b91a3;Entrada;2024-05-08;;13;2025-01-08
49;9e68c192-52aa-486d-aad0-05a779fec891;Saída;;2024-05-26;14;2024-06-18
32;6e1f4378-32a1-4e71-95ba-8bc6e0e076e9;Entrada;2024-05-09;;15;2025-04-21
72;567f2534-8d9b-4e02-86a5-dde35b047b5e;Saída;;2024-05-13;16;2024-05-23
63;026665fe-409e-498f-ae73-4498ebb9e3c5;Entrada;2024-05-02;;17;2024-07-25
27;9ce6781f-6976-4ecb-be7b-31386a69c8d9;Saída;;2024-05-17;18;2025-01-14
35;cafb0e0b-83fc-479b-8252-5f92c2941826;Entrada;2024-05-13;;19;2024-10-15
64;75287558-a00d-4c27-857f-02010d5de590;Saída;;2024-05-16;20;2024-06-27
63;3cdb4cfa-6cd4-4e0e-b75c-19c8a1b89a57;Entrada;2024-05-11;;21;2025-04-04
27;4bee595e-17ca-4b2b-84dc-3d6066b5138c;Saída;;2024-05-30;22;2024-10-07
43;afcc877f-35be-4076-9a89-b9a3db470c9b;Entrada;2024-05-04;;23;2025-04-26
56;013d051e-18d2-4213-894a-bf7cc99f0c37;Saída;;2024-05-17;24;2024-08-12
79;740213e5-d73f-4d7d-9e97-874a50710451;Entrada;2024-05-27;;25;2024-09-09
67;c15dad84-274c-4554-aa7d-80f19e275dc4;Saída;;2024-05-10;26;2024-08-02
73;d6edd554-c161-4394-b602-40d1811bdc7f;Entrada;2024-05-09;;27;2024-12-22
64;2e33acb6-70c6-4767-b82d-de5e6150312f;Saída;;2024-05-27;28;2025-01-13
5;2f985f68-e103-446d-933e-b7a8dc7ff327;Entrada;2024-05-26;;29;2025-01-10
11;a5530a8c-2b27-4529-88ba-e2b72ccc522c;Saída;;2024-05-21;30;2024-10-10
71;3ee171af-95c0-4c36-8c8d-939aca8b1aea;Entrada;2024-05-21;;31;2024-11-06
49;f364c4b9-f4f7-4500-b072-314efc5d59a3;Saída;;2024-05-24;32;2025-04-29
14;9ef9e1f6-8eef-4209-9674-11181145741c;Entrada;2024-05-08;;33;2024-08-18
3;885132ac-619a-4c21-b46e-dcb74f7064e1;Saída;;2024-05-28;34;2025-03-18
23;aa987bf4-7ac4-4189-aba2-2e38a98846ee;Entrada;2024-05-20;;35;2025-04-10
64;7c5a0e8e-6553-446d-8722-0dd6eb697d7f;Saída;;2024-05-06;36;2025-03-12
7;4ee095a1-ab94-48e2-a779-7e93d0481c0c;Entrada;2024-05-13;;37;2024-10-23
24;4d559254-65c8-4be1-8f4b-1b1f31edd06a;Saída;;2024-05-25;38;2024-10-03
61;43b37947-613b-48b5-9b88-97aaaa2af9bf;Entrada;2024-05-24;;39;2025-03-29
24;f09c8614-e5b5-42d0-aa6f-a4808c97efd8;Saída;;2024-05-20;40;2024-06-22
46;5f49154b-95e5-43d8-867c-3ae55900a36a;Entrada;2024-05-09;;41;2024-08-01
33;fed724b1-8512-4045-afd1-ff8ffa0f61a0;Saída;;2024-05-29;42;2025-04-21
43;621169a5-7fd1-4393-ba51-5bdedfb1bb57;Entrada;2024-05-14;;43;2025-02-28
22;2d7a1bbc-aa70-47d7-9898-5fcb674d1dd3;Saída;;2024-05-14;44;2024-11-25
78;da85874f-a889-422d-841f-463f42a9a4cc;Entrada;2024-05-11;;45;2024-10-06
57;9ca58461-e9e2-43e5-8da7-7bcab791144e;Saída;;2024-05-10;46;2025-01-15
7;e9e97d8c-8296-4ef4-bda1-852e54f0904d;Entrada;2024-05-18;;47;2024-12-29
21;ddc38b8e-f187-4d9d-a09a-d52117edba42;Saída;;2024-05-29;48;2024-10-21
9;534490f0-6d88-4a62-b64c-c6359b946412;Entrada;2024-05-15;;49;2024-09-06
16;bb279ee2-aaa2-450c-8afd-1d5cbf067c3c;Saída;;2024-05-01;50;2024-10-12
44;ac16b7e8-59a6-4ba7-abc7-f01269ba8aaa;Entrada;2024-05-12;;51;2024-08-21
3;88d57a8d-bb1c-4020-92bf-dee684bed52a;Saída;;2024-05-17;52;2024-10-24
25;4eaca55b-96bf-4238-9f5d-2e79bd68a77f;Entrada;2024-05-07;;53;2024-07-24
28;9a723873-418e-4d6c-986d-54cb7584c21e;Saída;;2024-05-22;54;2024-06-01
60;2dad3443-58f0-40d7-80aa-f9c717848ec1;Entrada;2024-05-27;;55;2024-05-28
45;9f870c4e-9f64-4dc3-9aa1-82e4939b2aff;Saída;;2024-05-22;56;2024-11-14
45;0392f3e3-d8a4-4571-b25f-0698f29b9bfb;Entrada;2024-05-01;;57;2024-09-11
70;b8747825-be74-464c-b973-445d735dc16a;Saída;;2024-05-03;58;2025-03-14
79;4a8bec44-98e9-4c50-89c8-080216e96f07;Entrada;2024-05-05;;59;2025-03-03
59;fd2e9d97-cc87-4fa8-a9be-585c9435372f;Saída;;2024-05-19;60;2024-09-29
20;a4e8d67f-1e2c-4b0a-942d-a112d7aa2a66;Entrada;2024-05-09;;61;2025-01-30
31;e52a84fe-a8f0-4700-bc72-8a5cb3264441;Saída;;2024-05-11;62;2025-01-19
29;7ba53b54-e694-465f-b25b-1d796c030503;Entrada;2024-05-17;;63;2025-02-12
44;e6dd6181-0ce9-46a1-b797-3fa82cd2a81f;Saída;;2024-05-08;64;2025-04-28
17;e2b3a69e-8a63-47df-a9cb-03a6fa8da444;Entrada;2024-05-07;;65;2024-05-26
36;fa6205a4-c6c6-4b80-a4e2-3f5c4af4df64;Saída;;2024-05-12;66;2025-01-14
27;99a21ff7-ddec-45d0-a507-c638f0adf4c6;Entrada;2024-05-12;;67;2024-12-18
38;4b77cfd5-7abf-407a-975a-9278772f996b;Saída;;2024-05-13;68;2024-06-03
68;997d6a16-dbf3-472a-b141-c6f587b150b0;Entrada;2024-05-13;;69;2024-05-29
74;9e2e50cb-580f-4534-94ae-a09c6d1c71a1;Saída;;2024-05-20;70;2024-10-12
15;410892db-55a1-4516-878f-b679560aa029;Entrada;2024-05-09;;71;2024-05-30
9;91226ea4-af02-4d10-b3a5-7b7a4885e8ed;Saída;;2024-05-18;72;2025-04-21
11;6d68de23-099b-4a6c-95b5-94a55d9b55d9;Entrada;2024-05-18;;73;2024-07-21
42;e4b9d6f5-3737-4c8c-9c65-209ce885a883;Saída;;2024-05-17;74;2025-04-12
10;14bf0914-c56f-4b71-ace1-ae66335d6abc;Entrada;2024-05-19;;75;2024-07-23
80;3825dc71-c6c8-4347-9d99-5adf56746b5f;Saída;;2024-05-19;76;2025-01-19
70;97f3000d-192b-48e4-9454-5052bbec49f3;Entrada;2024-05-24;;77;2024-06-14
69;ce65cd9f-6361-4e38-8c30-cad8a5adfecb;Saída;;2024-05-12;78;2024-10-26
21;142f21c0-af68-4290-a80f-f5d4341ce452;Entrada;2024-05-28;;79;2024-06-19
45;14cbb8e7-1c86-4974-ba84-918a836e40d2;Saída;;2024-05-19;80;2024-07-13
46;a9506e24-d9af-4356-8cc3-6d38e6719427;Entrada;2024-05-28;;81;2024-10-18
34;88ece13e-45f6-4351-a859-520773aafb11;Saída;;2024-05-25;82;2024-07-06
72;f8099f87-851d-45f9-8f73-78f6e02983a2;Entrada;2024-05-07;;83;2024-08-13
14;3fd6e309-cf49-4de8-93ff-a1028080abbf;Saída;;2024-05-13;84;2024-12-26
55;0d1108f0-111b-48fb-a53d-2100b209daf2;Entrada;2024-05-11;;85;2024-10-20
58;07d3db19-8a30-4f8a-a96f-f437307eafdc;Saída;;2024-05-05;86;2025-01-09
62;64c96460-17b4-4c5f-8eff-bffbd8927b27;Entrada;2024-05-06;;87;2024-11-16
31;f46e2ddc-81d6-4f1f-b4ef-65a7640df19d;Saída;;2024-05-23;88;2025-01-18
56;40713681-ae70-4c24-9dc2-0576eaf159a6;Entrada;2024-05-25;;89;2024-09-14
18;8015b4bf-c18f-4a4d-ad3b-ca98bb501533;Saída;;2024-05-12;90;2025-02-20
65;0b400a5b-ff11-4728-8a0a-6bda8bcf681e;Entrada;2024-05-28;;91;2025-01-20
49;2053f92a-770a-472a-961f-de7dce211d02;Saída;;2024-05-17;92;2025-03-27
24;d455e748-b464-4775-849a-5c7eb20aa974;Entrada;2024-05-18;;93;2024-11-06
50;4a0022c6-8dac-4064-959d-655516c9f3ba;Saída;;2024-05-16;94;2024-06-26
54;c270e8b8-388e-4ab1-9aee-1057efa111ea;Entrada;2024-05-13;;95;2025-03-30
67;933352f1-84f7-460c-b46c-6ab871408f43;Saída;;2024-05-05;96;2024-11-03
5;d93c1a33-4698-425c-8992-fe6cbf64855a;Entrada;2024-05-21;;97;2024-06-30
63;13f67af4-0339-4fcc-9750-d120d13e31d8;Saída;;2024-05-03;98;2024-05-13
32;dc1a3086-21db-4071-8c87-4ca0b64dc8b2;Entrada;2024-05-10;;99;2024-10-24
44;b9315475-1783-4197-8ba1-0c47a1399c16;Saída;;2024-05-15;100;2024-08-28
6;f2a04c55-84d0-4033-981f-10e1e1c86cb0;Entrada;2024-05-06;;101;2024-10-29
29;5739ae48-4290-4b7c-a8be-9de08923c39f;Saída;;2024-05-28;102;2024-06-27
77;0258e826-a27c-4c1f-ad5c-062554fedb9c;Entrada;2024-05-28;;103;2024-08-24
18;3b880e70-2ea9-44a7-8b38-601dc8644f56;Saída;;2024-05-24;104;2025-04-27
22;cc1d8a48-29ea-4bf7-a98b-7716136187dc;Entrada;2024-05-17;;105;2025-04-14
39;234c127e-764c-484a-bcfd-d05f3b8ee20d;Saída;;2024-05-08;106;2024-08-15
27;f0776ba6-df88-421b-9f1a-48cadc0b8628;Entrada;2024-05-20;;107;2024-07-18
16;6b645f49-93d4-4017-97c7-9a7ab76d2fde;Saída;;2024-05-12;108;2024-05-21
34;19eef6e1-a519-4834-8012-73ff71569cde;Entrada;2024-05-21;;109;2024-10-19
71;15e464d4-76a7-4eff-bb42-09820638fd9c;Saída;;2024-05-01;110;2024-05-25
77;9510ba7e-6aac-4222-bf46-5f351ecacd88;Entrada;2024-05-17;;111;2024-05-28
58;57d37014-a0bd-40b0-b89b-92b411552fee;Saída;;2024-05-16;112;2024-11-22
49;de9caa0b-6985-4daa-b5de-c45fe9e0cd61;Entrada;2024-05-06;;113;2024-12-06
43;61aed4f9-1513-4bcf-ad4b-71d08ef7193c;Saída;;2024-05-23;114;2024-06-18
77;57d0fc84-a9b8-492b-99cf-d1000c02c229;Entrada;2024-05-07;;115;2025-04-04
76;53a75fb9-5682-4546-a113-161f3449538f;Saída;;2024-05-09;116;2025-04-30
67;3f2dacfb-3d34-4118-9eca-90892bfd3c0a;Entrada;2024-05-27;;117;2024-10-04
56;f99fb7e7-c9d3-4de5-8273-eb6efa372c9c;Saída;;2024-05-05;118;2025-03-16
27;ba68e306-07ee-465f-b924-4535aa96bb66;Entrada;2024-05-02;;119;2024-12-09
2;6cbe0a8c-e0f8-4dc4-840e-bbd632a9570d;Saída;;2024-05-19;120;2024-09-25
11;53fcf9a0-1f61-4ee8-9c91-a3b417c846fe;Entrada;2024-05-12;;121;2024-07-06
66;040f59fe-22ac-4734-b155-1fed44d2b5bd;Saída;;2024-05-24;122;2025-01-30
30;bca33f7a-021b-42e2-99d3-5f9498bc26f6;Entrada;2024-05-08;;123;2024-06-10
20;1b29fa6d-448f-42cd-ac54-93144d934c30;Saída;;2024-05-13;124;2025-04-22
7;a4e0a674-4f03-4f2c-81c9-ae5ec6eff411;Entrada;2024-05-25;;125;2024-09-07
73;ac7a4441-74d0-4420-aab6-ddee4b3b5468;Saída;;2024-05-28;126;2024-06-19
15;87b50711-1c40-4982-9d70-30862a129481;Entrada;2024-05-20;;127;2024-10-06
31;ad1d54c0-2885-48ca-8ff4-5af5bd324df6;Saída;;2024-05-02;128;2024-12-19
70;3d838102-a6b3-4906-93f0-a9689e2364f1;Entrada;2024-05-08;;129;2025-01-04
26;edc53fb1-802a-4879-8a53-8e44816476c8;Saída;;2024-05-12;130;2025-03-21
74;eaaff3b0-aaed-4c6b-bd99-23d529f4cdd6;Entrada;2024-05-24;;131;2025-03-28
51;d70834f3-f0a8-47ac-b6f8-42ed96b47aca;Saída;;2024-05-05;132;2024-09-30
37;9ca4d76f-af93-45c2-bfdf-bd2cb4b99ab7;Entrada;2024-05-21;;133;2024-10-17
75;70d26467-61f2-4bfb-a420-1a360abc72a6;Saída;;2024-05-10;134;2024-09-25
41;e3bbd1cd-af14-4c62-b26b-179c8e30899d;Entrada;2024-05-25;;135;2024-05-26
62;fa9f6296-4071-48a8-86e2-0b3229e358be;Saída;;2024-05-04;136;2024-10-11
3;030f8c76-f1e2-4ec2-a219-ada4c400428c;Entrada;2024-05-03;;137;2024-08-16
9;41788d64-3213-412c-97c4-519566cab20d;Saída;;2024-05-14;138;2024-10-11
16;d1de041c-6929-4840-abd1-dad555cfccae;Entrada;2024-05-08;;139;2024-07-18
55;c8c3f828-446f-40e8-9e80-2f15a8d6936b;Saída;;2024-05-26;140;2024-05-08
17;0417e6ef-3f17-42fd-b84c-f33a0262dd99;Entrada;2024-05-22;;141;2024-11-17
32;7babaae3-3616-4f36-8c33-d183c4a57c64;Saída;;2024-05-10;142;2024-08-30
50;20001f5a-ef26-4e62-ab92-f5af425e3076;Entrada;2024-05-24;;143;2025-03-18
39;ba59d7ca-e373-4afb-b758-63db9de10e49;Saída;;2024-05-13;144;2024-10-31
16;2056c820-bfdd-450c-a366-2703e7c536e2;Entrada;2024-05-29;;145;2024-10-18
76;88d6d229-2148-49b4-9195-0e67f555dfdc;Saída;;2024-05-24;146;2024-09-10
78;be5cb009-155a-4440-a076-9a8b94246039;Entrada;2024-05-08;;147;2025-01-25
18;e40e1bf1-aad2-4cce-8ffc-043fc05e0ffa;Saída;;2024-05-12;148;2025-04-12
50;114bb2dd-935f-47bc-88ee-df582df439c4;Entrada;2024-05-04;;149;2025-03-18
54;049f56bf-0c18-4164-b5bb-ecab8ffcf6c9;Saída;;2024-05-24;150;2025-02-21
80;d0ebe074-12f5-4f2e-833c-e0c43a747a44;Entrada;2024-05-17;;151;2025-03-26
1;8d6d17ba-3d09-46c8-acca-7c7759a2134d;Saída;;2024-05-24;152;2024-07-30
71;4fed4603-cfe9-4e28-8755-8418091a504f;Entrada;2024-05-21;;153;2024-12-18
21;309d21c8-3885-4c57-9a44-85f04b979ed7;Saída;;2024-05-13;154;2024-06-12
49;00eda07b-2392-4f5f-ae40-0ac5a1a07d3e;Entrada;2024-05-17;;155;2024-06-05
11;596ef416-c54f-4c65-9e11-c98b7e561ea9;Saída;;2024-05-03;156;2025-03-25
45;62051f00-900a-4abf-9718-2c2c12eee06f;Entrada;2024-05-13;;157;2024-08-17
61;17f1146e-64fb-46a2-b251-90ad94b6eb69;Saída;;2024-05-01;158;2025-04-02
17;2dd8b006-159e-4a2e-b3d8-d1efa13fb947;Entrada;2024-05-20;;159;2025-03-01
14;0d5b3cd3-fe3f-4bfd-a99d-0fe5c8890201;Saída;;2024-05-30;160;2025-04-09
15;61407e43-eeb4-4c11-a126-0f4379e541aa;Entrada;2024-05-23;;161;2025-03-04
51;06c172b6-3e01-4dad-a807-d0e330f03b6d;Saída;;2024-05-21;162;2024-07-14
72;8e315f34-797a-4b43-a0aa-3fe2733eb3e3;Entrada;2024-05-07;;163;2024-10-14
15;97637f27-a63e-4de9-a556-79268f1a4924;Saída;;2024-05-25;164;2024-08-14
43;420b1617-673d-47fb-b19c-b48eddeb9f5b;Entrada;2024-05-22;;165;2025-04-08
25;18bfe888-622a-4997-b7f5-4ca65dc67d68;Saída;;2024-05-12;166;2025-03-09
73;3543266c-d9bf-4b38-b555-e49467ce785e;Entrada;2024-05-29;;167;2024-08-28
11;4eef842c-64e7-4d97-b376-9e85a736cfbc;Saída;;2024-05-12;168;2025-04-17
77;21946d65-411b-4550-984c-22868bc6fa94;Entrada;2024-05-23;;169;2025-02-09
7;8ab3db53-e5f7-455d-a349-382b9b124156;Saída;;2024-05-07;170;2024-08-25
52;53894521-5fa3-4bf9-9012-da89f8bf7603;Entrada;2024-05-16;;171;2024-08-23
17;01034ee1-2778-4783-9535-e8a27377b35a;Saída;;2024-05-24;172;2024-12-26
74;367d0f77-9412-43df-861d-d872b635ec8e;Entrada;2024-05-14;;173;2024-11-19
62;12201ad5-d72a-44de-8a23-4511f101a0c1;Saída;;2024-05-03;174;2024-11-05
19;6cc9aacc-e099-4780-a1e3-83fb29cd6c26;Entrada;2024-05-25;;175;2024-09-10
67;1abaa3d3-3395-422d-a551-9bfdc80306b2;Saída;;2024-05-12;176;2024-12-22
34;ab9f8400-6be2-40ac-a52e-ee2188715c9a;Entrada;2024-05-09;;177;2025-03-09
63;87660bd5-3929-488f-ad78-9bf726a2f0c5;Saída;;2024-05-21;178;2025-02-15
42;9d01bbff-cccc-4875-adde-66715fdbf3f6;Entrada;2024-05-05;;179;2025-02-08
74;678cf968-9786-4907-89b6-b9d068c3db41;Saída;;2024-05-29;180;2025-02-02
74;aacadcc9-7702-463a-887a-1b2899aa13c3;Entrada;2024-05-04;;181;2024-05-03
50;d842e69c-8e8f-49ca-83da-4ab6c48eea3d;Saída;;2024-05-12;182;2024-09-08
75;2e3028bb-1e2c-4b10-91c0-8f02bce9b282;Entrada;2024-05-24;;183;2024-08-14
75;4f1b63d5-f09f-4846-a7b2-00b076b8b3dd;Saída;;2024-05-10;184;2024-07-01
64;4e73bc98-fa29-40db-8906-de1c59327f66;Entrada;2024-05-16;;185;2024-09-29
57;42fabe6e-d189-42fb-a06f-0cbd0ea77368;Saída;;2024-05-30;186;2024-12-20
35;8f4526a5-bcbb-4222-abc9-b2edd50315e3;Entrada;2024-05-30;;187;2025-04-15
6;33008ec7-51eb-450f-a2ad-3ca5a5cef91b;Saída;;2024-05-01;188;2024-12-26
2;7271617b-71a1-4278-9c23-887f2f5b66d6;Entrada;2024-05-13;;189;2024-12-31
72;d027a82d-df83-4160-b409-69d37e761d9b;Saída;;2024-05-25;190;2025-03-27
36;42880f4e-c87c-4d1c-9641-0508121cd32d;Entrada;2024-05-22;;191;2024-06-27
62;540fc7c9-30df-4346-868f-113aa1613992;Saída;;2024-05-16;192;2024-11-12
14;a51875c9-05f6-4fef-9e3b-4285b502fb9f;Entrada;2024-05-30;;193;2025-02-17
42;ced0b291-61a7-4ba3-9f32-de7dbf80afff;Saída;;2024-05-20;194;2024-06-16
15;935f1ebe-70bd-4e65-8f23-bd7462271296;Entrada;2024-05-18;;195;2024-12-13
40;179cb2ac-03e7-4492-88f7-134cb35b90c1;Saída;;2024-05-13;196;2025-03-31
28;db32190c-25df-4939-831d-8e423b1db445;Entrada;2024-05-29;;197;2024-07-16
68;1b099bc6-2039-450b-a476-7c4fa387f787;Saída;;2024-05-02;198;2024-10-06
60;3936dd36-2f2b-4f43-8b4d-dede72fa77a7;Entrada;2024-05-01;;199;2024-12-21
54;c1b23207-b708-45fa-9107-8bd6bb2a4bbf;Saída;;2024-05-05;200;2024-08-09
1;5efcc5be-25ac-472f-827f-eb1a3b27e1bd;Entrada;2024-05-17;;201;2025-04-01
54;3c93288e-292c-4641-ae77-4a49da9d3fc3;Saída;;2024-05-23;202;2024-09-20
67;22f6a514-abad-4e5b-8bb0-4e6058db93d0;Entrada;2024-05-01;;203;2024-06-05
27;1176c472-b987-47c3-b9d4-e99740553180;Saída;;2024-05-26;204;2024-12-13
4;706a47df-653d-4f68-b723-2bc985f7a645;Entrada;2024-05-05;;205;2024-10-28
59;1acf2714-1bfc-4c5a-8ced-15506f9fa167;Saída;;2024-05-25;206;2024-06-07
48;5c4bc176-0933-4ef8-9bae-931fbaea8005;Entrada;2024-05-27;;207;2024-05-11
65;a2e66f10-fb99-4f2c-8147-461be19218ed;Saída;;2024-05-21;208;2024-09-14
69;5ad015dd-fc84-4955-bccc-256f896731ed;Entrada;2024-05-28;;209;2024-08-19
13;64456a2a-28e4-498b-90ba-28b64ba9274b;Saída;;2024-05-17;210;2024-12-16
45;235a92a7-6b39-4234-9600-5de480ce9a92;Entrada;2024-05-21;;211;2024-09-19
29;721bc677-dc29-492e-8bf0-0981115fa4ae;Saída;;2024-05-04;212;2024-07-25
22;44581c47-e87a-4b0b-80af-c7175b605d97;Entrada;2024-05-24;;213;2025-03-12
22;9d0f341c-8b09-4e9a-b351-e6924a369294;Saída;;2024-05-18;214;2025-01-24
70;d2b16a6d-ba8f-4fda-9320-f5b36e733662;Entrada;2024-05-06;;215;2025-04-09
33;cef3efc7-cfe1-483c-9469-a8e039e8b206;Saída;;2024-05-28;216;2025-03-07
41;d8b6ccfe-eff1-4143-abc9-f15b4290908b;Entrada;2024-05-18;;217;2024-11-22
29;517614af-a5a9-41bd-b514-11c80bc4861a;Saída;;2024-05-10;218;2024-10-27
74;efc9a42d-ba48-4c03-a30c-cff74f08046e;Entrada;2024-05-13;;219;2025-01-11
80;6e35a5c5-ac79-4139-9a24-7dfeedf34f60;Saída;;2024-05-13;220;2025-04-02
69;ed302925-fb3f-47ad-87fa-a9409aab46de;Entrada;2024-05-08;;221;2024-08-19
7;a4e0b848-c65b-4a6b-8829-bbd202e4ccd0;Saída;;2024-05-03;222;2024-12-06
2;d5344f38-3730-4b41-a6e0-ffb1c15b96f4;Entrada;2024-05-08;;223;2024-06-18
58;2b31a317-be8f-457d-99ea-3ae6ec3a7198;Saída;;2024-05-13;224;2024-10-28
73;bf622d1b-b54e-4135-93df-941c8daf9389;Entrada;2024-05-20;;225;2024-12-21
67;baffd170-f733-487d-9deb-ce566e88b292;Saída;;2024-05-25;226;2024-05-24
15;66506fcb-a7a6-4fb6-99ed-be3ce96f58eb;Entrada;2024-05-12;;227;2025-03-30
18;68d0c872-cc1b-4935-809c-eee31bd6fe80;Saída;;2024-05-27;228;2025-01-30
26;4f23a8d4-8556-4795-b158-b17132835774;Entrada;2024-05-25;;229;2025-04-15
3;fa730c10-bfcb-4570-badb-9e2659685702;Saída;;2024-05-09;230;2025-04-12
52;8bb54e0d-438c-4d70-9e85-11b6d49473ac;Entrada;2024-05-20;;231;2024-05-04
45;e2545205-4928-4f53-9f66-16227874967b;Saída;;2024-05-23;232;2025-02-27
16;78a67ca2-3dd6-48bd-a3e1-abf26b764896;Entrada;2024-05-19;;233;2024-08-14
78;068a4b76-1045-4500-b259-675df9d7a5f5;Saída;;2024-05-07;234;2024-10-21
12;21c4e843-fdfe-41f1-9481-925ad3a12205;Entrada;2024-05-09;;235;2025-01-13
67;3fb0771f-b884-48d1-9026-1cf79aa0b2c2;Saída;;2024-05-13;236;2024-11-13
6;c5fcbfc5-4516-4d1a-a27c-5a92636d1847;Entrada;2024-05-20;;237;2025-03-08
16;af74a3aa-3faf-490a-8c1e-41bb2d148f34;Saída;;2024-05-15;238;2024-07-13
65;9df3c9b8-cdbd-4290-8ab6-ab43ca5bc4c8;Entrada;2024-05-23;;239;2024-09-24
5;b8582c9e-a413-49e8-ae21-e93202217324;Saída;;2024-05-16;240;2024-11-28
17;0181137d-f833-409e-ab26-6c329fb446fc;Entrada;2024-05-01;;241;2024-06-04
74;6834e291-15e5-4527-b518-0846b567d1bb;Saída;;2024-05-06;242;2025-03-10
69;7948e44f-06f8-4eb9-a263-88f7c3c9476a;Entrada;2024-05-11;;243;2025-03-31
35;96ff7043-9b7a-45a1-90bb-bbdd85e7d0f7;Saída;;2024-05-10;244;2024-09-14
45;bb68f3b4-2fcb-4e5c-a7f4-4b3159b5f959;Entrada;2024-05-19;;245;2024-10-08
16;bb2a13db-928d-4b42-b5d0-2ea436075bb3;Saída;;2024-05-27;246;2024-10-21
29;015c4e16-2c38-4ad5-a01e-1a23e3383cd5;Entrada;2024-05-01;;247;2024-07-01
67;e92dbeff-96bf-406b-b9a5-13dc579fde44;Saída;;2024-05-08;248;2025-01-21
40;0cf60f1b-f428-4422-9abb-328066a78984;Entrada;2024-05-30;;249;2024-10-22
68;646a5e65-f439-4b17-9640-9526263a9030;Saída;;2024-05-22;250;2024-08-28
23;3085c781-3e93-4caf-8b1c-3f4beebccdff;Entrada;2024-05-30;;251;2024-11-05
60;3d5f7ec0-c3c5-460b-8078-05d3b115528f;Saída;;2024-05-22;252;2024-12-24
38;4e253d2f-11b5-407a-9d98-73208a71ca60;Entrada;2024-05-22;;253;2024-08-11
64;80af5f1b-9211-42f1-b1ee-a4e4a5d2b042;Saída;;2024-05-24;254;2025-01-14
24;901facab-9400-4399-abbc-788c477f76c1;Entrada;2024-05-16;;255;2024-07-18
3;d198686c-647e-49d0-b0cc-6874ece2fcfb;Saída;;2024-05-02;256;2025-04-24
46;65261b5e-cfc2-4068-a113-cacba7b63777;Entrada;2024-05-19;;257;2024-08-31
77;277b7230-9c97-4820-80b3-4a8d37913338;Saída;;2024-05-05;258;2024-05-24
32;c4057faf-ba30-4196-883f-35adb054a6c4;Entrada;2024-05-21;;259;2025-04-21
44;08c613c5-675a-4369-8c4c-7570c7716db8;Saída;;2024-05-08;260;2025-01-23
4;4c2840e0-abbb-4d43-b6bf-d8572814a0b0;Entrada;2024-05-01;;261;2025-01-29
63;30beb010-ba78-472c-9944-9e1c86e05dba;Saída;;2024-05-18;262;2024-07-29
18;b2b26b45-8559-413f-a8af-e3344e13dfcb;Entrada;2024-05-20;;263;2024-11-08
71;0b5d78ab-6f9b-4e9b-ab97-86c4590bb2ea;Saída;;2024-05-02;264;2025-04-04
62;b1398e38-1f89-41a4-bcca-d2f81204312f;Entrada;2024-05-18;;265;2025-02-17
41;aa52914c-c6f9-4aae-96d3-dd4ad88af5e9;Saída;;2024-05-16;266;2025-01-03
67;d7fed9d8-8432-4cfe-aa09-5eb91b3c793e;Entrada;2024-05-21;;267;2025-04-06
15;2b2d5d48-2f82-4355-a9bb-ccc012f2bc91;Saída;;2024-05-12;268;2025-04-09
62;7aeba881-3e99-44c0-8d6b-014324f63406;Entrada;2024-05-14;;269;2025-01-12
4;ad429b7e-a817-4428-91b6-62eb193adb3f;Saída;;2024-05-11;270;2024-05-02
62;6eb8ff56-f779-45f8-a788-420cd3725017;Entrada;2024-05-14;;271;2024-12-17
60;0b17c6c5-7bfd-497b-921b-7949ab1d43e3;Saída;;2024-05-13;272;2025-02-03
3;047911e6-8ffa-43b1-a030-0855f012c509;Entrada;2024-05-18;;273;2024-11-16
74;8ecc8d70-dfeb-4583-b86f-3e681b587610;Saída;;2024-05-05;274;2025-02-09
12;dcb3524e-814b-4fea-9ca2-058c1f8e8ba8;Entrada;2024-05-02;;275;2024-09-27
48;89fcca0d-946a-4393-a758-d084e9baf5a6;Saída;;2024-05-21;276;2024-08-08
77;f35d056d-9514-4f26-9908-dd3ee853797b;Entrada;2024-05-29;;277;2024-05-02
5;a9cc304c-c0c3-49f3-bf7a-3d3fe265d481;Saída;;2024-05-17;278;2024-11-11
25;74261d0b-e5f6-4dc1-9374-1f3c90e6bae3;Entrada;2024-05-07;;279;2024-12-14
28;009281f4-aeb6-40ce-9ff4-7ac7662b4051;Saída;;2024-05-27;280;2024-12-23
7;2fe2b6a1-52d3-4007-b8be-3ef79357db0d;Entrada;2024-05-21;;281;2024-10-07
69;501e90a4-291f-4cbe-bf15-dff5a30152bf;Saída;;2024-05-30;282;2024-08-07
50;d4a47f05-a60f-4b46-8c34-2188da6ebee0;Entrada;2024-05-07;;283;2024-05-09
7;61b64c4e-7058-4c85-8b43-9aca734061b4;Saída;;2024-05-15;284;2024-10-11
33;bdd7721e-8f72-414c-ad71-0071f7721cba;Entrada;2024-05-04;;285;2025-03-20
55;bf957a69-5f6c-4d0e-a951-15a9199a7f51;Saída;;2024-05-28;286;2025-04-19
16;5c9351a6-149a-4f8d-bab0-26e2a620b348;Entrada;2024-05-01;;287;2025-01-02
33;32a27f03-c8d3-462b-91b4-c21c9c059f00;Saída;;2024-05-10;288;2025-04-20
56;efa09df3-f0e9-464c-aec9-9f6e1a8a6706;Entrada;2024-05-21;;289;2025-01-18
48;ed0eb80b-b6ad-4f47-a189-a83c0e42db55;Saída;;2024-05-02;290;2024-07-25
31;c5e54865-6a2f-41cf-a9e2-b83b16b42828;Entrada;2024-05-30;;291;2025-01-19
77;1743d383-c5ed-4227-a346-a53b1f449adb;Saída;;2024-05-22;292;2024-05-13
41;de3f4855-deef-4199-97b8-b48d0f2ed6f3;Entrada;2024-05-15;;293;2024-07-17
27;e0acaa4f-87e9-47b5-be76-9b25763415de;Saída;;2024-05-13;294;2024-11-02
65;f2f7e71c-e0a0-47ac-8b3e-a605ccbb4aee;Entrada;2024-05-19;;295;2024-05-10
46;416f0cbf-0adf-4f46-9f35-3424efdbd202;Saída;;2024-05-13;296;2025-04-19
54;a07b4cf9-52c5-46c6-8deb-c2db437c1f52;Entrada;2024-05-01;;297;2024-07-01
71;41ebbbaa-c023-4f3f-b515-6f27f759807d;Saída;;2024-05-23;298;2024-07-21
3;ac8d77c6-2f2c-4dff-90cf-cef7360183b5;Entrada;2024-05-12;;299;2024-07-31
66;9f437825-a206-4e89-a341-09d434feeb91;Saída;;2024-05-28;300;2025-03-27
36;75681bda-0eac-461c-9f7e-54d906493ba0;Entrada;2024-05-07;;301;2025-01-10
4;f0363792-4e27-4082-9d55-52db9713de21;Saída;;2024-05-16;302;2025-04-19
60;b4b02690-14ff-45a2-b2ca-4dafaec295e4;Entrada;2024-05-30;;303;2025-04-16
23;afce2e4e-0c5f-4cfb-b894-ca7ff5d58cee;Saída;;2024-05-02;304;2025-03-22
56;db179969-562a-4898-9c00-c01a9a10fbfc;Entrada;2024-05-29;;305;2025-03-19
59;8f44bc29-6347-4c6c-8efc-64b08d180883;Saída;;2024-05-18;306;2024-05-06
5;65ad17c7-2035-4ee3-9ee0-95882b379142;Entrada;2024-05-05;;307;2024-12-28
61;72ef84b8-6aef-4154-97ad-ba9a93218300;Saída;;2024-05-19;308;2024-11-14
16;864901ab-0814-416d-a69f-bd2dad248b94;Entrada;2024-05-26;;309;2024-08-07
38;69d2e53c-a8a2-4783-a50d-99b826e357cd;Saída;;2024-05-22;310;2024-10-29
6;2a358894-ffd4-4d1c-ac5f-6a631b5d7359;Entrada;2024-05-06;;311;2024-09-23
2;11586006-7730-4c96-8a5c-ec656b117d9c;Saída;;2024-05-03;312;2024-05-03
38;f8107a25-0800-4fdf-a182-516f62125496;Entrada;2024-05-16;;313;2024-07-25
38;747141b2-76d8-4e7a-9a60-08a9fe48fdbf;Saída;;2024-05-26;314;2024-08-04
4;d7ac6002-9ff1-43c9-a483-e829de533373;Entrada;2024-05-25;;315;2024-12-05
72;5a2183f4-23eb-44dc-b5d9-ca6ec1164ed3;Saída;;2024-05-07;316;2025-04-15
61;358de407-180f-41eb-b9d4-34c609acb5fa;Entrada;2024-05-05;;317;2024-05-23
35;e7f2c1c3-5e08-4318-98a4-52fca7d93594;Saída;;2024-05-09;318;2024-10-21
64;1d9df7f1-9435-4dc2-af8d-062047483fc4;Entrada;2024-05-12;;319;2025-03-03
50;b7eba554-594c-42d6-bccb-874959a3efef;Saída;;2024-05-27;320;2025-04-18
11;e60bf879-c6ec-42f0-a6d8-dcde71469a77;Entrada;2024-05-27;;321;2024-10-26
29;359fdaae-ad19-46d0-9d1e-e086903e2984;Saída;;2024-05-18;322;2024-09-12
44;cf57947d-12e1-4fa0-9745-c4baf526b2cc;Entrada;2024-05-17;;323;2024-12-12
11;ed86c507-6eb3-474e-8ec3-52f2bd711ae9;Saída;;2024-05-12;324;2025-03-21
56;06a545ac-96c2-4079-87a1-f20e9cb64679;Entrada;2024-05-17;;325;2025-01-20
57;25c21e5a-ffde-4b66-958f-936f73b25122;Saída;;2024-05-17;326;2024-11-06
26;0f25e204-a210-44a8-b55c-3303dfefc4fe;Entrada;2024-05-29;;327;2024-08-15
42;08891744-1155-4cba-8d3a-6ef8752e7bfa;Saída;;2024-05-25;328;2024-08-08
65;3f1b63c6-7f30-46c4-acd9-abaf21f356b6;Entrada;2024-05-24;;329;2024-11-26
34;ef4bfa11-2210-4691-9504-f7ef4a575178;Saída;;2024-05-19;330;2024-10-11
6;44c50adb-4169-48e2-8a18-10d6860ff285;Entrada;2024-05-16;;331;2025-01-06
38;badeb601-dba6-4e0e-9f5e-b5edc8fe0630;Saída;;2024-05-07;332;2024-06-24
15;82fb6ef9-8daf-49e5-bbb0-cc6159257b12;Entrada;2024-05-30;;333;2025-01-21
65;15b03399-9367-4744-b2b8-c5ed65199842;Saída;;2024-05-24;334;2024-12-04
80;b66cca57-c9b4-48fc-8854-2383ed274cde;Entrada;2024-05-23;;335;2025-01-09
54;0cebc40e-a5fb-4f40-b6cc-b756c1be9992;Saída;;2024-05-04;336;2024-11-28
5;d417e250-0d3a-4123-9524-1d9ccb40e7dc;Entrada;2024-05-23;;337;2024-08-19
13;87443ed2-0aff-4c1b-87d4-ca191862174c;Saída;;2024-05-01;338;2024-12-04
36;81c52d90-52f3-4ee9-8fb3-bac3894212d0;Entrada;2024-05-18;;339;2024-11-08
18;1df98c3f-7fd9-4b23-a89f-b5807259231c;Saída;;2024-05-06;340;2024-12-16
59;b72880dd-9edf-4860-897b-09e5b6536833;Entrada;2024-05-07;;341;2024-10-13
19;a2c0bd86-884b-4fca-b055-5aacd71aa5a8;Saída;;2024-05-13;342;2024-09-21
51;63d602db-716e-474e-b092-c35834c1fd72;Entrada;2024-05-30;;343;2024-06-14
48;71d29f63-c683-46d8-809b-ee8bd3bad1f7;Saída;;2024-05-12;344;2024-11-19
46;c5df906e-2a48-4bba-821f-a13b29a6f2b2;Entrada;2024-05-03;;345;2024-06-01
34;9d60dc9c-20de-4571-a71f-d0198fb861e9;Saída;;2024-05-11;346;2025-04-24
55;80918ff1-a575-4fae-8abc-3380a0ec1b30;Entrada;2024-05-10;;347;2024-09-29
12;25444327-ad2b-4d8a-99e8-9b75952da69e;Saída;;2024-05-05;348;2024-08-09
33;81eb662c-c996-4895-843d-e2ab019ae92f;Entrada;2024-05-12;;349;2024-12-28
25;3faad378-3677-437d-a255-f50f1d35b184;Saída;;2024-05-27;350;2025-04-20
35;611151b6-11c3-4e8a-872e-2d0b24b29af7;Entrada;2024-05-24;;351;2025-03-05
40;d9896c18-78b7-4486-ad0f-7294085c03e6;Saída;;2024-05-10;352;2024-10-08
22;36874657-1daa-4bc1-89b7-982c14b0d46a;Entrada;2024-05-24;;353;2024-08-30
20;6e748d8b-6846-4ee9-97d7-25eea913e157;Saída;;2024-05-23;354;2024-10-15
39;8e072781-7854-436b-9b6e-aeaea1a1dea7;Entrada;2024-05-04;;355;2024-08-29
62;c98cb50b-588e-457a-a33b-3c6e6e0878f2;Saída;;2024-05-12;356;2025-01-15
23;db2bfc0b-9500-4944-820f-2a8c923fc58d;Entrada;2024-05-05;;357;2024-11-13
70;cda5b958-83e2-4aa7-8c50-5ed029e7134a;Saída;;2024-05-24;358;2024-07-25
25;e82f3a92-5e93-4eb9-9f60-7dd10fa3bd7b;Entrada;2024-05-25;;359;2024-10-08
19;6dba285c-168c-4465-8308-38be78cabbf3;Saída;;2024-05-20;360;2024-10-28
67;2e6afaa1-e7ba-4ed9-81e5-c513bd471b61;Entrada;2024-05-15;;361;2024-12-10
56;f37e7e14-b636-402d-883f-86e79b16b1b0;Saída;;2024-05-20;362;2024-11-28
80;db240b21-c838-490a-a2ea-a15b0c437dea;Entrada;2024-05-15;;363;2024-11-30
17;637f7746-8772-4597-87b6-39fd21e00e58;Saída;;2024-05-29;364;2024-05-14
78;3fe7a479-595f-432c-aa4a-b1858f7ff710;Entrada;2024-05-07;;365;2024-06-06
77;7c7c5d63-6ee8-4309-a8bd-6c6997c6c02b;Saída;;2024-05-21;366;2024-07-01
19;15a5bac0-9076-454d-a70d-2d4c569e2cfa;Entrada;2024-05-09;;367;2025-03-10
8;f79a02ff-6575-4fa9-b398-96583b4c9508;Saída;;2024-05-28;368;2025-01-14
45;655441fd-424a-46de-870c-b7d37c6d55de;Entrada;2024-05-30;;369;2024-05-31
20;3923bece-60d4-490b-b2c0-47671fc8fb42;Saída;;2024-05-27;370;2024-08-29
37;5101b84f-8a49-4181-87c4-9848576cf656;Entrada;2024-05-28;;371;2024-05-30
60;8cce22fe-2ded-4e0d-b36e-1cc4d1de51d6;Saída;;2024-05-14;372;2024-08-25
31;160ad662-ca35-4b40-8962-fa75335070ea;Entrada;2024-05-01;;373;2024-07-24
20;08bacebd-025f-4d06-8bbb-c4a513e58d10;Saída;;2024-05-01;374;2025-03-11
2;bf6168ca-eb7b-4325-9f18-384c252d84a4;Entrada;2024-05-04;;375;2024-05-26
2;8fa87143-2098-4181-904c-c183e16aeed1;Saída;;2024-05-11;376;2024-06-15
66;589f53f4-f858-4d11-8e78-d475de440049;Entrada;2024-05-18;;377;2024-05-15
57;c1dfc691-4b6b-413e-9f4a-e2dd917b717d;Saída;;2024-05-09;378;2024-05-13
66;b22d513c-d9af-487c-8b14-407e6eb61225;Entrada;2024-05-24;;379;2024-11-02
24;4f37a67e-c494-49e4-ade9-a0bbeb2c29fc;Saída;;2024-05-08;380;2024-05-11
67;fb0be53c-84f4-49cb-999c-3533cdf0d7f4;Entrada;2024-05-13;;381;2024-11-14
26;138a0895-7025-4e81-84d1-d00ef35ed980;Saída;;2024-05-21;382;2024-05-22
2;b4e81698-7bb0-43ea-9c88-2eacdfe2211f;Entrada;2024-05-14;;383;2025-01-25
42;0e04acdb-a3bf-43f4-aaf5-3609e3010ec8;Saída;;2024-05-27;384;2024-10-14
2;5b92b3c2-7752-4f87-8e57-e0f6982a3732;Entrada;2024-05-10;;385;2024-06-09
47;85cac7c0-12d7-49bb-9177-d832aaacde6a;Saída;;2024-05-22;386;2024-06-17
73;d0ba6f77-dfde-482f-9e5f-2aac193df975;Entrada;2024-05-10;;387;2024-05-25
12;78fdd029-aa97-45c7-9392-fb287776d682;Saída;;2024-05-17;388;2024-05-13
28;2bd344d4-1e2a-435a-8d0e-44fee8f62741;Entrada;2024-05-08;;389;2025-03-16
47;0ee74887-8b53-4a7b-b62e-16cdbc4ac301;Saída;;2024-05-16;390;2024-06-10
60;83cb6371-9cd6-46a0-9d36-0b3353b76cbc;Entrada;2024-05-10;;391;2024-05-24
76;e11bf69b-e9a8-48e0-bb21-e9dfa5a15588;Saída;;2024-05-13;392;2024-08-18
16;94079aa7-0a31-4c27-b260-97e2cd5fb92f;Entrada;2024-05-05;;393;2025-04-27
74;db2039ad-9009-40fc-8313-039e44cf8a09;Saída;;2024-05-09;394;2025-01-15
65;ddcce67c-3094-4ce7-8ca6-4024f613148c;Entrada;2024-05-06;;395;2025-01-22
7;b317d388-4763-44b0-a6dc-71cb1d33fdf2;Saída;;2024-05-14;396;2024-05-30
31;03eb3e2d-5cd1-4346-bb9a-7d70e1b56609;Entrada;2024-05-06;;397;2024-10-22
35;1bc3d9c4-c047-473c-883a-b26c2efb16ed;Saída;;2024-05-30;398;2024-07-13
16;caa296c5-4242-418b-b13f-67360fdfd9ec;Entrada;2024-05-24;;399;2025-01-15
4;22bb9b7e-a6df-476b-bfa7-4981184acab1;Saída;;2024-05-21;400;2024-06-12
55;0f46252f-6dba-403f-9cff-edf778c1df85;Entrada;2024-05-01;;401;2024-06-13
69;0f53b596-24c7-4733-b34d-852dc4607f22;Saída;;2024-05-11;402;2024-12-09
10;3aa010ac-73a2-4370-84b6-1a6828f28802;Entrada;2024-05-19;;403;2024-06-11
39;5d346002-40dc-483a-af70-f61b21121a4c;Saída;;2024-05-23;404;2025-03-17
54;5a6b85f9-6be1-4eb7-9a76-9c09ae06bfff;Entrada;2024-05-11;;405;2024-12-02
27;4e513a24-464c-4277-9e58-dc0e911e4d9a;Saída;;2024-05-30;406;2025-01-20
22;a6ca572d-26f7-4d48-bc81-8e114d4810ad;Entrada;2024-05-23;;407;2024-08-27
48;aa5dfca3-8e92-4b77-8b44-a71535bed97c;Saída;;2024-05-09;408;2024-06-20
38;6ed08502-9957-42a7-8478-8cf61568e06c;Entrada;2024-05-22;;409;2024-05-20
19;901d2dbe-4dbb-4880-b684-a1abb9d0ed7a;Saída;;2024-05-11;410;2024-09-02
19;f6243d88-91fe-4bf2-a17f-7b7d95e5c1c7;Entrada;2024-05-21;;411;2024-10-21
74;5b65b879-dbe0-4724-921d-b2949459da98;Saída;;2024-05-07;412;2025-01-14
33;0a0cff53-f0d1-47e2-a885-8a5b6d4e58f3;Entrada;2024-05-11;;413;2024-06-18
74;aba9bce7-9bc6-4919-a8da-1cfa011b4eed;Saída;;2024-05-05;414;2024-12-24
41;71dd5413-a8b7-484a-a46b-a9df5a4abc11;Entrada;2024-05-28;;415;2025-04-05
73;3e9add97-b422-4ca1-97b9-861c2d3e751b;Saída;;2024-05-13;416;2025-04-20
40;bde03ea9-2759-415c-8ed7-256dcfacbfad;Entrada;2024-05-07;;417;2025-01-20
58;b11fe70a-7b43-433a-9f5c-614c5fac3896;Saída;;2024-05-23;418;2025-04-01
54;78169716-3005-4e2f-98d1-0b81f5159c8d;Entrada;2024-05-25;;419;2024-09-26
76;e429054e-8db9-4f87-8c8d-f156c4cf59b5;Saída;;2024-05-14;420;2025-01-15
49;324ba7f5-e7b9-443f-97d4-b90da400dc10;Entrada;2024-05-12;;421;2025-01-19
60;10afaaf6-493b-4aaa-96bb-66a6b6874b4e;Saída;;2024-05-29;422;2024-05-17
55;3e1710d9-594d-459b-8c33-97f7a4752016;Entrada;2024-05-26;;423;2024-09-19
49;c43e7735-b504-4539-bf23-85de2d32b68d;Saída;;2024-05-17;424;2025-03-01
63;da675d6a-7872-4aa0-86e5-59bde7ddd3cf;Entrada;2024-05-09;;425;2024-10-16
47;10b13fcb-1463-4346-bbb7-4cf2b61a26d8;Saída;;2024-05-16;426;2024-05-16
69;72369ff4-5124-4241-b97b-605ad206dd53;Entrada;2024-05-15;;427;2024-05-08
15;3dd74c8f-480a-4c93-a4b7-8c23942ba5fb;Saída;;2024-05-02;428;2024-09-20
17;965f2c12-5ed9-4eec-a8ef-19afd47d057c;Entrada;2024-05-05;;429;2024-11-18
67;912643c2-75e0-4253-b404-af52ec293d85;Saída;;2024-05-08;430;2024-11-13
55;a89760c9-b567-4c3f-aa5a-42ade310ec6e;Entrada;2024-05-05;;431;2024-05-13
1;2a096eea-bc9f-4991-a566-9c7f56fa017a;Saída;;2024-05-22;432;2025-01-30
57;7d1b020f-e890-40bd-8b6c-41a4500bf93b;Entrada;2024-05-12;;433;2024-09-15
8;de250e0f-b673-4710-9988-2cfbe0344cab;Saída;;2024-05-23;434;2024-06-20
71;7a110edc-2701-431f-8547-1f0cc25ef6e5;Entrada;2024-05-15;;435;2025-01-16
24;cb59e75e-181b-4752-9d1e-acda326d3b74;Saída;;2024-05-17;436;2025-03-05
19;09ee21f2-a9c4-45b4-b06f-8c066ac31685;Entrada;2024-05-05;;437;2024-11-16
19;61008d89-a86d-4b06-b491-027d45b04253;Saída;;2024-05-08;438;2024-08-20
49;3828690b-6e6d-4f9a-9edf-074e7840eaac;Entrada;2024-05-17;;439;2025-04-07
8;07bf8027-c1f9-4070-be2a-51578561288c;Saída;;2024-05-24;440;2024-05-29
76;4adcf50a-e68b-428a-847d-8ca4f751b36f;Entrada;2024-05-26;;441;2024-10-13
67;01615ca2-46d0-48f5-914c-71c75567f95c;Saída;;2024-05-27;442;2024-10-26
6;a4166329-575f-4733-84a8-365b45996272;Entrada;2024-05-04;;443;2025-05-01
52;024acdee-0560-455a-9c43-6a466e39c07e;Saída;;2024-05-06;444;2024-11-17
14;346423b6-5264-493d-bc86-cfba8fde5a6c;Entrada;2024-05-03;;445;2025-01-10
67;fade5793-fe23-49d5-a6cd-cb8f05302683;Saída;;2024-05-30;446;2024-05-14
69;b350e147-03e1-4ac1-9024-b3d10274cc3a;Entrada;2024-05-21;;447;2024-11-17
43;72967816-53ee-4edf-9597-5399c931a30e;Saída;;2024-05-10;448;2025-01-19
40;194e5e84-9f7d-4077-85bd-970ad5f4784e;Entrada;2024-05-03;;449;2025-02-01
68;f223a22f-05d7-4fb3-80ba-873d8ce97e9b;Saída;;2024-05-08;450;2024-05-14
4;7849367a-64e9-43aa-8777-5750e11d33c3;Entrada;2024-05-01;;451;2024-07-03
59;b43430c5-50cb-48d4-912a-4ebd5781d4ca;Saída;;2024-05-21;452;2024-10-07
47;9496e172-425d-4927-a919-8e33c191fd10;Entrada;2024-05-28;;453;2024-11-22
64;755673e6-b4c8-4a2e-ac79-37b36ec5837b;Saída;;2024-05-26;454;2025-03-09
58;e3f250dd-1905-4599-a58f-4c9b47ea434f;Entrada;2024-05-29;;455;2024-07-28
5;20884a48-7bc5-466a-ad41-9995743ae783;Saída;;2024-05-29;456;2024-10-15
55;dd924f86-2ba3-4122-a2fb-2c2830d1ebf4;Entrada;2024-05-17;;457;2025-03-23
61;2ffe4e62-cd9b-49c0-b5ad-d589421ba6db;Saída;;2024-05-17;458;2025-01-16
12;eab68f2b-6222-4de2-ba69-1bf5416a63ee;Entrada;2024-05-10;;459;2025-03-23
12;42e52924-c3e1-46cd-ba9b-79f1012faa4a;Saída;;2024-05-20;460;2025-02-25
52;79fba37b-5933-4304-b728-8fa4bff3a535;Entrada;2024-05-21;;461;2024-09-12
6;fe7c894a-2e3b-4388-888e-1523268ba578;Saída;;2024-05-14;462;2024-06-04
19;869df927-79c1-4c49-ad8c-d4f6c0ac6eda;Entrada;2024-05-04;;463;2025-02-12
41;cbf1b9af-90da-4223-a25e-9a0e95e6a044;Saída;;2024-05-12;464;2025-01-15
45;a01ad0dd-ed35-494e-9ad9-197f23759ecd;Entrada;2024-05-15;;465;2024-07-04
14;de8935ae-4c6e-4fe0-a7b0-69e565c3327e;Saída;;2024-05-19;466;2024-06-11
7;8978ac74-813c-4c91-b854-d5088ea41ecb;Entrada;2024-05-09;;467;2024-09-30
39;02bee089-6d16-4b79-bbaa-84a6490b143b;Saída;;2024-05-10;468;2024-06-11
37;885d3d07-2b47-4330-8fa4-191d663a034e;Entrada;2024-05-28;;469;2024-11-25
57;9fd02f0a-4489-4811-85c1-28d421728d99;Saída;;2024-05-20;470;2024-05-14
27;99029be9-3dfa-41f9-b6e6-d14429743201;Entrada;2024-05-03;;471;2024-09-14
60;9eb610fe-150f-4e46-ac1d-dbb1cffcf18b;Saída;;2024-05-30;472;2025-03-18
74;c3888424-01df-4479-89bf-2132bc136702;Entrada;2024-05-21;;473;2024-11-24
38;d3899518-385c-44e5-a3b2-6d28c06f34c7;Saída;;2024-05-29;474;2025-01-04
78;da69dfac-06d1-46e1-b74e-53d068a3521f;Entrada;2024-05-02;;475;2024-07-24
60;70a6e6ff-3b1d-48c8-9e90-f65b3bc20474;Saída;;2024-05-15;476;2024-10-11
62;c7c89be6-d292-44fb-a878-fdad4e2e6ab8;Entrada;2024-05-25;;477;2025-02-04
72;941622de-c24e-4271-bbb1-cd5cfdfd1970;Saída;;2024-05-03;478;2024-05-18
23;68795973-e9f0-4915-9633-23600cfb7174;Entrada;2024-05-28;;479;2024-11-05
71;aafc03c0-3e8d-483c-8bde-d08800ec27aa;Saída;;2024-05-25;480;2024-11-07
32;35064262-5068-4cef-88b3-79da2f837e7a;Entrada;2024-05-06;;481;2024-05-27
49;9bf19987-c9b0-456c-861f-79d259fcea3e;Saída;;2024-05-12;482;2024-06-20
65;643bba2f-9eaf-4476-a455-7b00b6f213c4;Entrada;2024-05-19;;483;2025-03-16
3;56d3c17b-8202-4581-ab73-08229577766e;Saída;;2024-05-02;484;2025-01-13
59;124324b2-e1cc-41e2-9f5f-4b0a24415b85;Entrada;2024-05-18;;485;2024-12-12
65;b1e4953e-7a65-4bed-9020-45658d526082;Saída;;2024-05-26;486;2024-06-24
36;01b8ccff-035a-4f03-be0f-0b73bc5b79b0;Entrada;2024-05-27;;487;2024-09-27
11;3c06049a-29e2-44f5-a455-d0b8bfa1c461;Saída;;2024-05-22;488;2024-11-14
65;637f7315-fde3-44d7-aef1-6e786f645553;Entrada;2024-05-11;;489;2024-12-18
42;aa911400-d4b1-40c6-9d4a-4a06235e2834;Saída;;2024-05-30;490;2025-01-03
13;292b034a-3d5d-465a-aabd-57840a15fdb8;Entrada;2024-05-04;;491;2024-06-22
73;debc7e85-f54b-4569-a11c-24680c1bd699;Saída;;2024-05-06;492;2024-09-22
54;49e64370-00d7-4d6b-b613-8849c79a86fd;Entrada;2024-05-27;;493;2024-06-08
43;ab6f5202-1d41-4be8-9924-5925060ec61b;Saída;;2024-05-03;494;2024-12-28
58;92c46790-2c98-4d11-871c-5f1013692997;Entrada;2024-05-18;;495;2024-07-28
42;da19aec8-fae9-4012-8ec3-30316a2b6fa9;Saída;;2024-05-29;496;2025-03-07
31;4bfb18f5-e994-434a-88a2-e8089d5214e3;Entrada;2024-05-25;;497;2024-07-02
80;f31ac1e1-df23-4c24-9b31-183d77284b29;Saída;;2024-05-13;498;2024-11-03
76;e34bc883-ae04-41ea-976a-814f852a7553;Entrada;2024-05-14;;499;2025-03-02
75;4d5f6382-26de-4182-9a73-c44beccc96f1;Saída;;2024-05-16;500;2024-12-21
72;02da3887-5415-49bc-988e-a6ec30c23286;Entrada;2024-05-19;;501;2024-07-09
65;706240e7-24e8-4771-9143-5ee661b38fb7;Saída;;2024-05-28;502;2024-10-02
26;3d55f9b0-369c-4778-aa5b-4e89bb7629d7;Entrada;2024-05-17;;503;2024-09-29
61;8ae87f0f-4558-49c3-957e-066df10aa14e;Saída;;2024-05-17;504;2024-07-30
74;547a72f1-54f2-426d-a3c5-e624135cd7be;Entrada;2024-05-28;;505;2025-01-15
27;c7f642b2-6fa3-495f-98e6-de540d408096;Saída;;2024-05-11;506;2024-11-20
73;277f2199-a209-4963-b1f9-4be83dcc5fe8;Entrada;2024-05-22;;507;2024-10-29
73;bac7b530-38d8-4702-a36d-5b1a20c1f1a4;Saída;;2024-05-17;508;2025-03-30
45;a35fff76-5cae-42ea-bc1d-0539df9244f3;Entrada;2024-05-12;;509;2024-08-06
56;4952e092-8c5d-4f20-9e12-f00d8b1af84d;Saída;;2024-05-28;510;2025-04-07
73;f01ca4b0-9698-4461-aafc-2a0a72fe60e6;Entrada;2024-05-13;;511;2025-03-12
14;2b42458a-84f8-47ee-a3e4-823d1995b0e4;Saída;;2024-05-27;512;2025-03-23
40;d4075d0f-203e-4a1d-8fec-3dd5fb03e704;Entrada;2024-05-11;;513;2024-05-28
70;f161f8c3-6043-4fbe-8393-0f6f1f4a5ea4;Saída;;2024-05-12;514;2025-04-30
7;fb50baed-2f0e-4a30-80b8-e0eb4918a981;Entrada;2024-05-07;;515;2024-07-03
32;d0594bea-d293-4462-bf2b-c1ad4afbee59;Saída;;2024-05-13;516;2024-09-05
3;51bdbf50-1ef8-4a99-8df3-056c70a60c55;Entrada;2024-05-10;;517;2024-12-19
34;d241f0b0-3794-497e-98a2-13824aed5109;Saída;;2024-05-16;518;2024-10-19
71;114a21a4-6816-4ddd-9546-6bfd16202959;Entrada;2024-05-03;;519;2024-09-07
58;47a9e62e-1b6a-4dea-a518-50e244e53687;Saída;;2024-05-19;520;2024-11-28
26;0f100b8d-3a06-4ae9-a576-c45fb3a32863;Entrada;2024-05-21;;521;2024-12-16
67;117d1c37-7d39-4af8-a173-a4b2b6a958c4;Saída;;2024-05-24;522;2024-05-04
68;475e19d3-54c6-4ae5-b931-f7faf2a8f377;Entrada;2024-05-23;;523;2024-05-10
69;f6bdbcfc-ebfe-4cce-8ed5-55909b100e20;Saída;;2024-05-06;524;2024-06-20
24;a6367b38-df63-4498-8a95-369a99e7c1fd;Entrada;2024-05-18;;525;2025-01-08
36;824d7f69-444b-44b2-be72-1fb85b8d4fef;Saída;;2024-05-23;526;2024-11-09
17;2a87cc61-5ed0-48c6-aebe-1ea5a70754f5;Entrada;2024-05-10;;527;2024-08-06
60;cdffb9f1-8b79-4b2d-9645-346985418794;Saída;;2024-05-24;528;2024-08-17
1;5586528d-f0a9-498f-8b85-61f613e44eac;Entrada;2024-05-25;;529;2024-06-18
14;ba0fe1ff-8d4e-4a0a-9d5b-305e8c8bbd12;Saída;;2024-05-08;530;2024-12-18
57;a943f4fb-1024-43f9-bbf6-a9c2fa15f5ca;Entrada;2024-05-08;;531;2025-02-27
6;8db8db4f-a4b7-473e-a0b1-414d6c0c0ed9;Saída;;2024-05-15;532;2025-04-07
23;af0ee17e-aac5-4837-a642-190e5cb2a052;Entrada;2024-05-12;;533;2024-07-08
60;a4b44360-6c38-4b5d-840b-53fa15bb2d69;Saída;;2024-05-24;534;2024-09-12
66;e94b6120-6f66-4455-82fd-64fb1f968eee;Entrada;2024-05-06;;535;2025-03-20
74;155d503e-bae4-4a24-80e1-26e5769ffda5;Saída;;2024-05-08;536;2025-02-05
9;a68a70be-6135-4545-85c0-d483223c1a59;Entrada;2024-05-14;;537;2024-12-27
12;a2d559bc-fc41-45ee-bc68-389479efe0de;Saída;;2024-05-28;538;2024-10-30
27;45040f92-335b-4afd-983c-93439082ae00;Entrada;2024-05-20;;539;2025-02-04
21;9182a8f5-9f50-4973-9f76-2c6ad1e1764b;Saída;;2024-05-09;540;2025-04-01
7;b6da77a1-4b91-48b6-a14b-50cbc5a723bb;Entrada;2024-05-09;;541;2025-04-27
39;7874c443-9fd8-4283-a12f-5a9218ead6cd;Saída;;2024-05-25;542;2025-01-07
2;2d1b5298-53e5-4358-8a7d-3c48b6d2b1d0;Entrada;2024-05-12;;543;2024-12-04
2;3c6f9502-aea5-4f45-87a6-72a9f94d8f18;Saída;;2024-05-29;544;2025-01-13
31;eb7d4e73-dbcb-4d39-95c2-c10f58d88e33;Entrada;2024-05-26;;545;2024-07-17
2;2bc3025d-a058-48b6-adfd-ab3a963cfb68;Saída;;2024-05-10;546;2025-03-27
34;b57a538a-12f0-4892-877a-f96d15af8efe;Entrada;2024-05-22;;547;2024-05-29
12;6f030d1b-caf3-48f8-9ef7-d812286887f6;Saída;;2024-05-10;548;2024-10-21
78;85c98ace-4877-44cf-b717-a234345ca6cf;Entrada;2024-05-22;;549;2024-08-22
18;2b7ec808-21de-4c8c-b7e7-bed4e1753464;Saída;;2024-05-14;550;2025-03-15
44;cfd9bb0d-193a-48a6-b5b8-671c0dc583de;Entrada;2024-05-30;;551;2025-03-30
24;a5c4bd89-5a2b-4683-9b63-e97f241c35cb;Saída;;2024-05-01;552;2024-12-06
73;4ac84db3-3927-443c-a5e0-83c1771f0bfb;Entrada;2024-05-28;;553;2025-03-14
71;cc46d3f5-d3b1-4e6e-99d0-def6b6f58295;Saída;;2024-05-27;554;2024-08-02
33;fa07b814-e4ca-43e3-acb7-3854d4411d0a;Entrada;2024-05-18;;555;2024-07-11
20;4881d498-6ab0-4823-871e-fb830f347251;Saída;;2024-05-08;556;2024-11-10
61;f7c19d0f-f8e7-4fcd-b172-a120ee2ffd6a;Entrada;2024-05-21;;557;2024-11-19
8;3d03fc47-55a9-4a31-aa2a-b38b1d905deb;Saída;;2024-05-18;558;2024-06-16
19;bf8e0293-ce7f-4e36-a69f-1e58cde4d6b2;Entrada;2024-05-09;;559;2024-09-23
18;cd4244a9-96d5-4289-8d2d-3c390eb84961;Saída;;2024-05-11;560;2024-11-26
63;85a94e79-5410-4745-b94e-d28ef5cae228;Entrada;2024-05-24;;561;2024-09-06
13;b378ab10-144c-4568-a53d-fc3f48468d69;Saída;;2024-05-11;562;2025-04-17
37;2b3f9631-3d96-4c95-9f22-49df926a6045;Entrada;2024-05-04;;563;2024-05-16
5;6da9afcb-ad96-40e1-877c-b9011831f95d;Saída;;2024-05-29;564;2025-03-08
26;9487f82d-98b8-4add-ae73-2d098e29ef9f;Entrada;2024-05-18;;565;2024-07-05
67;9b7f4056-3ea6-4987-9c95-35e60d8abfe4;Saída;;2024-05-22;566;2024-07-27
42;2d2a8712-7a83-4ca6-aa4b-c447b0b4d934;Entrada;2024-05-18;;567;2025-02-01
30;329e2bcb-7f4b-4469-927a-15b76e91c199;Saída;;2024-05-26;568;2024-05-05
56;052beeed-d75e-4bf1-b3cc-7a7c937736cf;Entrada;2024-05-17;;569;2024-11-22
33;d009ea56-7262-41f1-8c8d-5f33f3c58d11;Saída;;2024-05-28;570;2024-08-25
1;cb981df3-3489-41e3-a74e-9ef8b1ca1c09;Entrada;2024-05-22;;571;2025-04-14
52;6a0589cb-0d70-48fc-b490-c6f146d569a2;Saída;;2024-05-08;572;2025-03-24
54;feecaa95-9165-4a2d-bc28-4f1802713c7d;Entrada;2024-05-30;;573;2025-04-14
9;b975f7be-0807-4092-86e5-af535618164b;Saída;;2024-05-20;574;2025-01-29
10;009de641-4f7f-49f0-a43e-acd11310ef7e;Entrada;2024-05-04;;575;2024-10-07
48;d5736b87-b1cc-4935-942c-97f116f0447f;Saída;;2024-05-01;576;2024-05-03
39;21c56621-d079-4554-a18b-88e98c14dc24;Entrada;2024-05-29;;577;2024-06-23
13;1c45684d-c02a-4e7a-a112-4482cf8c3fcb;Saída;;2024-05-22;578;2025-04-23
13;42f2c971-966f-4ac3-9b7f-b18bc22ba766;Entrada;2024-05-11;;579;2025-03-30
56;3c3b9c73-a09c-4378-a6e5-dde4d0ddf8c6;Saída;;2024-05-06;580;2025-02-22
17;2483e81a-35ca-4450-b52f-be826a291526;Entrada;2024-05-04;;581;2024-10-02
26;4a837028-f006-4e95-8879-eeb79e58bdb6;Saída;;2024-05-02;582;2024-12-24
42;422f3dea-8277-4c1d-ae7f-02d660a00ad8;Entrada;2024-05-09;;583;2024-06-17
26;1cab0e24-95fa-45bc-ab3b-0d97e96728af;Saída;;2024-05-25;584;2025-04-11
39;2b8825eb-ce7a-4a21-9b35-922f5f797ad1;Entrada;2024-05-06;;585;2025-02-01
44;a47b58ce-d147-4e6f-afe1-168a0eed037f;Saída;;2024-05-02;586;2024-11-23
54;c0e26c24-a775-4e05-8ab1-9b1bf80f25ac;Entrada;2024-05-28;;587;2024-11-01
36;ef46fc9c-b650-49bb-bc4e-f9ea6fe9590c;Saída;;2024-05-13;588;2024-08-06
34;abaec682-8033-4627-881f-35b1bafe3ac4;Entrada;2024-05-25;;589;2024-11-03
6;a46a75d2-ffbc-4c4e-9f20-462b7efb47f6;Saída;;2024-05-30;590;2025-01-04
32;0209744b-aaee-477c-ad1e-6ab6a974f4aa;Entrada;2024-05-21;;591;2024-10-06
70;1007925a-712c-4f1d-8406-f5960b8cbaf8;Saída;;2024-05-03;592;2024-06-24
63;cf75fd88-4b80-464e-8d67-351a20df28bf;Entrada;2024-05-06;;593;2025-04-12
58;5fdee69a-cd16-4d7c-ab4b-9fbf6596c492;Saída;;2024-05-08;594;2024-07-09
44;6c6cbee6-9070-45c0-9eee-6d2feac2e940;Entrada;2024-05-25;;595;2025-05-01
18;b32cf4ff-f372-4019-91b8-60ffec96866b;Saída;;2024-05-04;596;2024-12-12
39;bf6364b0-3a2a-4158-bb08-cba7aafc10ad;Entrada;2024-05-06;;597;2024-07-16
6;0e8f6e94-e10b-4cbc-baf1-9663055b75b7;Saída;;2024-05-01;598;2024-06-09
29;784bc204-4fee-46db-bf08-36b27e5ae9e9;Entrada;2024-05-01;;599;2024-05-31
66;e3ae73e6-73e3-4ed7-97c0-8b7f7ee435f3;Saída;;2024-05-28;600;2024-06-14
30;608412c6-ee33-421e-9ef8-78c8f8a08508;Entrada;2024-05-19;;601;2024-05-09
22;3c5189e6-c750-4f68-827a-9b7d4c643188;Saída;;2024-05-07;602;2024-11-25
26;592263c7-935f-4122-800b-3bd4c7388c89;Entrada;2024-05-02;;603;2024-10-05
32;d320da92-3e41-4967-9616-d298a0e7b363;Saída;;2024-05-11;604;2024-12-08
57;c7980517-1560-4c5f-9464-8bf715c158dd;Entrada;2024-05-29;;605;2024-06-10
34;ec5b437d-0d20-4739-b552-5bfc046a7ef2;Saída;;2024-05-19;606;2024-08-03
54;e656fd13-0a06-4e95-b924-5342a2d8746e;Entrada;2024-05-26;;607;2024-12-12
14;34ce7a97-bc2c-4003-9946-38e16bac1da8;Saída;;2024-05-15;608;2024-07-18
68;cc29a4db-fc96-44e8-b70d-5f28ca8fe28e;Entrada;2024-05-10;;609;2025-01-04
17;f4dd6f28-345e-4e5d-b4f2-f55cd612921a;Saída;;2024-05-02;610;2025-02-01
74;c26fe94c-8e2e-450b-a89a-128082eba744;Entrada;2024-05-16;;611;2024-06-18
28;9c2e47ea-77e0-47a6-a104-6eab7e2329a9;Saída;;2024-05-03;612;2024-07-30
62;9c7bbff6-8f49-4b0c-a5c6-b7fd06682d80;Entrada;2024-05-20;;613;2024-08-24
23;511fd347-0114-4f85-b084-9315cb96312a;Saída;;2024-05-24;614;2024-08-07
74;f96e68d3-c847-4854-93be-0f1d590f0a82;Entrada;2024-05-06;;615;2024-10-20
68;6e49cc50-97c3-4aa4-8479-4ebe5ce65c87;Saída;;2024-05-11;616;2024-07-02
11;b323d1c6-5a74-482a-abbc-9d57401a6d1c;Entrada;2024-05-29;;617;2024-09-15
39;2d123d65-9d9d-44ea-bc72-e64dff7e68de;Saída;;2024-05-19;618;2025-01-23
18;d9441799-cc8b-4a77-a3b2-083dcdefd30e;Entrada;2024-05-16;;619;2024-11-30
7;709c3bd8-75f9-4e2f-8ba0-919824ff127c;Saída;;2024-05-21;620;2024-09-10
56;4a27506a-a5d3-4936-b3b8-6e923d56e340;Entrada;2024-05-25;;621;2025-01-17
2;272f7aa1-e070-45e8-ada7-b31711af8fb1;Saída;;2024-05-08;622;2024-12-11
18;a6e502ba-9bff-4f03-bb7e-a8efb6ce242f;Entrada;2024-05-06;;623;2025-02-04
29;57c71dd0-03e6-4123-85ba-f144e21b1af7;Saída;;2024-05-29;624;2024-10-13
35;a8a40cd4-cacc-4960-b128-30d7a96629fb;Entrada;2024-05-27;;625;2024-06-11
65;c764f4d4-9b0c-46b7-9bce-663a01947630;Saída;;2024-05-17;626;2024-07-28
35;28adbb75-cf9c-4753-9856-21bf1f479b3f;Entrada;2024-05-15;;627;2025-04-04
53;661ba9e1-57a5-4791-884c-89fa3b25f592;Saída;;2024-05-14;628;2024-07-26
20;3b12280f-752a-4f04-8fc0-1a54230df672;Entrada;2024-05-22;;629;2024-08-22
50;239e7c76-23e9-4ccb-958e-205ca1c0fc85;Saída;;2024-05-05;630;2024-09-16
7;2fc663b4-8253-4b56-948f-498c1361c6ff;Entrada;2024-05-22;;631;2024-07-31
8;4ee9d999-06f7-453e-aba9-d0a3cc4fa9aa;Saída;;2024-05-29;632;2024-08-25
29;5109d912-9263-4c2c-894a-4b3ab32948dd;Entrada;2024-05-07;;633;2025-03-26
14;cbe4d391-e53c-423c-8ae6-49662943facc;Saída;;2024-05-19;634;2024-10-29
77;13b2f68b-1273-4629-879a-f89e58498a09;Entrada;2024-05-18;;635;2024-10-04
65;aae61072-d8ab-4293-9ab0-cf3a72e8e473;Saída;;2024-05-07;636;2025-04-01
18;00c498a8-687f-481e-aacf-567b647ab8c6;Entrada;2024-05-13;;637;2025-02-14
79;eaa87c16-7792-4d8b-97cb-74594f251bcf;Saída;;2024-05-20;638;2024-12-20
4;c7852012-a6f5-483e-8c41-3b5fd5490073;Entrada;2024-05-05;;639;2025-02-15
54;05c8d614-54a7-40bb-84d1-a21fb0df5cdb;Saída;;2024-05-12;640;2024-10-29
59;f025b353-a7db-4d32-b7b8-52cd99b5961c;Entrada;2024-05-14;;641;2024-07-12
3;892a84a1-da38-4354-87f5-12ad9a7bd471;Saída;;2024-05-14;642;2024-07-25
51;d9fb01c5-877d-41d8-837a-790e641fb2ce;Entrada;2024-05-01;;643;2025-03-08
70;9d2b5f6a-0f36-4834-b923-190f9ae43cbb;Saída;;2024-05-21;644;2025-04-13
10;9168bab2-6ab2-4e49-81c1-200e4b80da4a;Entrada;2024-05-25;;645;2024-11-18
80;ab7f1b9b-784b-4017-a7b4-a8a70139331d;Saída;;2024-05-05;646;2024-06-30
48;07dda432-f00d-4fc9-a0d4-db1f1ff640fb;Entrada;2024-05-08;;647;2024-10-07
26;be46de44-7c6e-4776-90b4-158bea702e54;Saída;;2024-05-01;648;2024-06-01
55;e90e57d4-70e8-4a08-92cf-fa23c5bd19a3;Entrada;2024-05-06;;649;2024-07-15
38;801924ff-943a-475f-8e77-9a84da81a4a0;Saída;;2024-05-26;650;2024-06-27
44;eac26810-3a2c-4296-a488-d4216df612bd;Entrada;2024-05-12;;651;2024-06-14
13;3756fa8a-cdd7-445b-b97b-f41eae099b87;Saída;;2024-05-06;652;2024-11-08
13;acc1402c-c901-490a-bc65-a7304a75ed8f;Entrada;2024-05-28;;653;2024-08-11
56;4214f49c-228b-463e-aa61-0ad0ead05ef5;Saída;;2024-05-30;654;2024-10-19
33;a747a1bf-cb63-4179-bf5a-14b9c714c826;Entrada;2024-05-30;;655;2024-12-29
53;acf59c04-ffbc-41e0-962f-586706b6f515;Saída;;2024-05-28;656;2024-08-26
65;0a5887e8-6369-4b11-9028-952cc6ef453b;Entrada;2024-05-16;;657;2024-10-18
45;51bb7871-effc-4c3e-abc0-fd8ff96a7df2;Saída;;2024-05-24;658;2024-12-02
74;a240050a-f555-42d8-9de3-c919f32c9069;Entrada;2024-05-29;;659;2024-11-20
36;a516d4ca-7f05-48b3-82ca-657d5fabf1ec;Saída;;2024-05-13;660;2024-05-03
41;da0f719c-b204-44f2-ba52-dd2d4f8717b4;Entrada;2024-05-05;;661;2024-12-06
69;6b36957d-2076-40a5-8527-780997d2021a;Saída;;2024-05-07;662;2024-07-02
56;40e3b713-7558-45a1-b48e-f32cd2666430;Entrada;2024-05-09;;663;2024-11-12
5;6168fc9a-5657-4a32-87d6-938600f661a4;Saída;;2024-05-13;664;2025-01-14
28;65076189-4a93-4460-9fc9-37ff05bcadc8;Entrada;2024-05-16;;665;2025-03-20
43;c8fc49a6-6362-4194-98c4-3ec5f881a9d0;Saída;;2024-05-21;666;2024-12-22
34;744ac8de-0ddd-430b-af8c-b504275fbfd2;Entrada;2024-05-10;;667;2024-06-16
24;503ade33-db5a-4c60-beee-38236887d522;Saída;;2024-05-18;668;2025-01-12
52;028cc034-2718-4fe3-9835-92c354937f79;Entrada;2024-05-05;;669;2025-04-19
46;88356a11-6286-42de-8ef8-2ba9229078a1;Saída;;2024-05-13;670;2024-07-01
53;333147f8-b244-4611-92e4-5892a007e924;Entrada;2024-05-22;;671;2025-02-15
28;f05698c7-5c12-409b-bd61-1fd45601fddd;Saída;;2024-05-18;672;2025-01-01
66;3c950b37-a138-4c3f-af95-169e864c8e5c;Entrada;2024-05-23;;673;2024-06-08
45;658c24fa-aed5-44be-8fa3-1bd14fd1633b;Saída;;2024-05-21;674;2025-03-22
75;cd56900f-6f39-4dba-96ef-d6731cb36049;Entrada;2024-05-12;;675;2025-02-06
11;19597c43-5f49-42e0-a908-12bbc55a4a90;Saída;;2024-05-12;676;2024-08-22
9;e145ffba-0fe8-48c0-8b71-6aa5a839c084;Entrada;2024-05-27;;677;2025-02-20
41;45dd04c1-4a7f-4566-9ce6-1e2985f9179b;Saída;;2024-05-17;678;2024-12-26
50;2adc3309-655f-41cd-8aa1-473024a11752;Entrada;2024-05-16;;679;2024-11-14
49;f315aa0f-4e37-48a4-b13f-d8671f73c25a;Saída;;2024-05-25;680;2025-03-29
37;b7c59f2b-22f0-4042-8f3a-4323ae542aab;Entrada;2024-05-09;;681;2025-03-31
29;5c06b4ec-2dfc-49e5-847a-a91f4945da80;Saída;;2024-05-02;682;2024-05-03
71;c1ee477b-75cd-4309-bcf4-e0a63d620910;Entrada;2024-05-29;;683;2024-06-30
66;43b07d02-00fc-4707-b3cc-127d412271cf;Saída;;2024-05-21;684;2024-10-06
22;fc5f440c-da08-44aa-acac-5f13f66e03a5;Entrada;2024-05-07;;685;2024-10-19
28;7b1af789-d711-45a7-b0b6-138ebe1c67d8;Saída;;2024-05-17;686;2024-05-25
68;f16dddcc-1321-4e7a-8e51-87c4405105c8;Entrada;2024-05-06;;687;2024-08-23
73;bfe6370d-5a8f-42b9-a09b-c58d389fe441;Saída;;2024-05-10;688;2024-08-25
72;9c955bd5-1b8c-4913-b1cd-c7c1df198f02;Entrada;2024-05-02;;689;2025-01-16
33;777e16f9-3ee1-420b-bb63-9aec54d2f6e9;Saída;;2024-05-03;690;2025-03-20
30;e0029ae9-2262-4ef8-b056-c48e8d792606;Entrada;2024-05-24;;691;2025-04-15
31;a17c406c-973d-41e4-8106-c4bee57d7e09;Saída;;2024-05-05;692;2024-08-14
69;e5bfac2f-0d76-4ecc-8c10-abf46173ff61;Entrada;2024-05-09;;693;2024-11-27
30;fbb07fc8-55c7-48cf-8063-02a3f59b21a6;Saída;;2024-05-08;694;2024-12-06
60;3de66430-d066-43b8-a1f1-d54482f8b20f;Entrada;2024-05-30;;695;2024-05-25
4;9a955dc8-7b85-4ef9-adec-3ceaabbd76da;Saída;;2024-05-26;696;2024-09-14
36;d95330bc-7916-4610-91bd-4d161ecfa874;Entrada;2024-05-23;;697;2025-04-16
12;4fff710b-5248-449e-9974-d9343da0bc82;Saída;;2024-05-27;698;2025-02-07
62;c6f76526-cfcb-4514-b89d-b0cfb122194f;Entrada;2024-05-28;;699;2024-09-18
61;d83744cd-3774-4f98-9547-860c74fa6828;Saída;;2024-05-22;700;2024-05-14
2;5dc568b6-f41b-4b31-a85a-64aa73c8ca70;Entrada;2024-05-18;;701;2025-01-29
15;8e5f3b03-2849-477e-8004-e27ad63f2291;Saída;;2024-05-04;702;2025-02-15
73;ccf2fe0d-9560-4370-b89c-50ed9972e974;Entrada;2024-05-12;;703;2024-12-10
24;f3e4b72d-8ecb-4d35-af29-6aea6bfcd51d;Saída;;2024-05-17;704;2024-11-25
34;fd29b0c9-1eee-426f-887b-9afdbd4c7979;Entrada;2024-05-30;;705;2024-10-10
37;9c6170a1-d391-40b4-9633-522a6e13f213;Saída;;2024-05-10;706;2025-04-23
62;7cd8935a-9ddf-4347-8546-1d38b5a48f9d;Entrada;2024-05-27;;707;2024-11-23
6;67131358-35df-42ef-bd10-f3afbd58d152;Saída;;2024-05-23;708;2024-11-24
4;e8a7ddfd-9fd0-49c0-829b-833c37943e4b;Entrada;2024-05-02;;709;2024-12-25
40;72485f1c-5534-4214-af65-abfadbdbbde4;Saída;;2024-05-03;710;2025-03-15
24;a4281d08-7220-4215-a653-0f58b47b79b5;Entrada;2024-05-01;;711;2025-02-13
12;1da6ed09-84e3-4319-b909-ff4386a3125b;Saída;;2024-05-19;712;2025-04-04
31;ca687ca1-8129-4359-b17e-29ce3dd569a4;Entrada;2024-05-27;;713;2024-12-30
46;fd838159-d070-4d61-a32c-95752cf75bb9;Saída;;2024-05-27;714;2025-03-22
77;49312631-8cb9-4406-b4fc-0ce3e3549478;Entrada;2024-05-22;;715;2024-09-26
16;ee4a1ef4-22de-4f73-ba77-68404ac1ade2;Saída;;2024-05-20;716;2024-10-25
55;a8ed06ff-a2ab-4b42-8c64-eff780d84ff6;Entrada;2024-05-02;;717;2024-12-24
42;e64f57bc-e772-4769-b7e0-508da491a8ee;Saída;;2024-05-22;718;2024-11-17
38;56815b51-9812-4378-8d47-487303930920;Entrada;2024-05-03;;719;2025-04-18
24;e58926bf-610f-427c-90ee-680877116c72;Saída;;2024-05-30;720;2025-02-08
1;a5225b70-cd0f-4702-a18b-d21fd3e17bd1;Entrada;2024-05-29;;721;2025-01-11
51;7903dd9c-6321-4c1b-a1c8-59eff1a5cc76;Saída;;2024-05-19;722;2024-10-16
70;de1599a5-f336-438b-a2a5-fa3af5d601fc;Entrada;2024-05-22;;723;2024-11-25
47;0ae9f88e-cf41-4b69-8534-69692db42a0a;Saída;;2024-05-29;724;2024-07-01
76;29be64e9-3d75-47e6-92db-6fce106d4a20;Entrada;2024-05-12;;725;2024-06-24
66;c7b1d887-d3ad-49c2-a3ba-2bcb529aaf37;Saída;;2024-05-16;726;2025-01-18
25;19f0c194-be3f-4704-b3f6-232211c98302;Entrada;2024-05-24;;727;2024-08-14
64;a0f97a51-cb05-4bd7-9579-242d16be0903;Saída;;2024-05-04;728;2024-07-22
38;4a41801b-ba19-48d6-95ae-9d7ddbf1d45c;Entrada;2024-05-20;;729;2024-11-22
38;1e1b9cc7-29cc-4a1d-a4b3-c60c2b3de1c0;Saída;;2024-05-09;730;2024-10-20
71;d321fbee-4da9-48ed-bc07-e9061356e22e;Entrada;2024-05-16;;731;2024-07-27
13;de5888a7-f4da-49a7-88a1-08171e4cb4fc;Saída;;2024-05-02;732;2024-07-15
22;b78738fd-1aa7-44cf-9c8e-faa4096de6f6;Entrada;2024-05-17;;733;2024-06-25
16;2319c412-3cd8-4a47-b612-1208148a3579;Saída;;2024-05-11;734;2025-02-21
43;4dd31947-2c5f-41f6-a212-beb4d6511754;Entrada;2024-05-07;;735;2025-02-07
21;bb5fecce-6745-4d15-90ff-43475f1edb3a;Saída;;2024-05-28;736;2025-03-06
49;ad68c0d5-57d8-4fd6-b9d5-ebea49158dd3;Entrada;2024-05-08;;737;2024-10-15
22;5e558fd6-363e-4550-98af-99fcf265d5e5;Saída;;2024-05-05;738;2024-12-16
73;b0c113c2-9cee-4b22-b7a7-cd1bafd5cf5e;Entrada;2024-05-25;;739;2024-12-08
50;256558ed-1859-4517-b1fc-197fd6ca2ef4;Saída;;2024-05-02;740;2024-05-02
9;1e42187d-bdd2-487a-afa7-15fe137a2d99;Entrada;2024-05-17;;741;2024-07-13
30;be268c60-287c-45dc-a5bc-740832936980;Saída;;2024-05-13;742;2024-09-24
34;d92cd4cf-e426-4741-a919-269165e1c55d;Entrada;2024-05-15;;743;2024-12-05
30;a244415f-e3bc-4b00-ad8c-d75ce6bef8fd;Saída;;2024-05-22;744;2024-11-07
15;1952bec8-a4dd-455f-88d3-aea02fa0a43b;Entrada;2024-05-26;;745;2024-12-04
64;9872d279-4628-4dd2-84ff-7e9708adb90d;Saída;;2024-05-25;746;2024-08-25
32;1357f012-3855-431d-b53b-82d4c7604d1a;Entrada;2024-05-18;;747;2025-02-27
71;80947546-c081-496a-8852-1c72a487b3b0;Saída;;2024-05-14;748;2024-09-07
27;df2c3a22-6d5f-4d70-b88c-0cd3ba4cb1a2;Entrada;2024-05-09;;749;2024-12-05
69;9ed173ff-eae7-46c6-9a7b-be7911c09db7;Saída;;2024-05-10;750;2024-11-24
28;62d9b56f-7887-400b-b4d9-fd7d2938dd8d;Entrada;2024-05-30;;751;2024-09-15
7;79066aac-5c06-4b49-be5d-208328c3ea00;Saída;;2024-05-09;752;2025-03-22
15;3b95d327-3d13-40da-b5e0-0507cb9698aa;Entrada;2024-05-08;;753;2024-08-22
28;6e319f88-fd02-4895-85ec-a1d5051b92ca;Saída;;2024-05-30;754;2024-07-16
6;37afabe2-4515-4eea-9f17-1f9821deb4bd;Entrada;2024-05-16;;755;2024-09-17
74;da171da1-d00f-4b3c-b65b-aebdc2b21e4a;Saída;;2024-05-23;756;2025-02-02
5;3153d955-c7d9-40ae-bc5a-ec8d28a9cb16;Entrada;2024-05-14;;757;2024-08-27
12;5193b874-8924-42e4-835f-853573feb5b8;Saída;;2024-05-13;758;2025-04-30
4;8e6bc064-b240-4b33-9662-c16c97bf8179;Entrada;2024-05-18;;759;2024-08-17
71;b824453f-0412-45a7-b1ad-1f34771afd29;Saída;;2024-05-24;760;2025-04-04
23;0966d213-17cd-4808-915b-124a4441939d;Entrada;2024-05-15;;761;2024-09-26
46;63c8cb4e-93a6-472f-a0f8-42190aaa96e1;Saída;;2024-05-26;762;2025-01-02
79;24218f56-cc7a-4757-87aa-b8ad25a77797;Entrada;2024-05-08;;763;2024-10-20
77;05a3d42a-09be-4b5b-a86f-42384c0c049e;Saída;;2024-05-28;764;2024-07-28
38;76ad14c6-99c9-4db6-8240-d53bf31d3402;Entrada;2024-05-21;;765;2024-09-09
33;3e793508-3311-4cf8-8ee6-728c407ea9de;Saída;;2024-05-21;766;2024-07-03
60;11f5cfb0-c85f-4aaf-befc-f75a3b8a66b1;Entrada;2024-05-29;;767;2024-10-24
70;5ccab187-54f4-4417-a475-abc1820964f8;Saída;;2024-05-30;768;2024-11-30
23;b835caba-6890-4892-8977-18ad0a553494;Entrada;2024-05-25;;769;2024-07-16
53;a11d32d3-bfc1-4a22-a561-ba9cc747071b;Saída;;2024-05-11;770;2024-12-26
53;beb2f90d-4082-4fc4-a74a-b38546ed0b18;Entrada;2024-05-26;;771;2025-01-07
49;5ac19a5c-cda1-4439-bad9-b05822e6b770;Saída;;2024-05-21;772;2024-07-06
57;c7533448-be69-4937-b2b9-75aebc67f957;Entrada;2024-05-19;;773;2024-11-14
58;a9284a2d-e69a-43d0-a3d6-b8f9d2661263;Saída;;2024-05-04;774;2024-12-29
22;819245cc-af5c-43da-acd0-a153298533b3;Entrada;2024-05-17;;775;2025-04-09
40;1d622ded-4371-4f34-ada2-bd2a2b6fb9f6;Saída;;2024-05-02;776;2025-04-27
48;caa856de-a78d-4a2f-9d68-b151ff001ae5;Entrada;2024-05-18;;777;2024-12-15
8;8881f9d6-b67d-46cf-b300-157134b18bc4;Saída;;2024-05-27;778;2024-08-26
3;f0d27a29-1c8b-41b4-8f4c-3f72b163b76d;Entrada;2024-05-12;;779;2025-01-05
1;94afc57f-e5f9-4822-ace5-9cb62b72711f;Saída;;2024-05-21;780;2025-01-10
44;0f155a1a-77a0-4b91-a68d-f1d445a1fdfa;Entrada;2024-05-15;;781;2025-04-20
7;a11acac8-5130-409e-9d3d-906d796de761;Saída;;2024-05-16;782;2025-03-19
57;f7c570e6-1e4d-4467-8ba5-c63e2896144c;Entrada;2024-05-19;;783;2025-01-28
17;2a9f3ce1-e61d-4282-a0e4-2a58ae19d1d3;Saída;;2024-05-05;784;2024-09-17
50;68c56bdb-5e8e-4776-b189-33acca3da053;Entrada;2024-05-15;;785;2024-08-23
31;d45288e1-2cbf-4299-bd64-5e8f5b90915d;Saída;;2024-05-22;786;2024-06-02
63;2d54e43d-215e-48e2-a0aa-9d79d352ef20;Entrada;2024-05-06;;787;2025-01-19
48;0911fd70-a126-41ea-aa00-b2dcbcb73230;Saída;;2024-05-19;788;2025-03-20
14;7b2aa2bb-59f2-47a4-be7f-9c37e3850047;Entrada;2024-05-24;;789;2025-02-08
74;14c3d3cb-a459-48e5-9164-3290b682d8cc;Saída;;2024-05-23;790;2024-07-24
26;c54454d3-cac5-4980-9f00-a2d4e649469b;Entrada;2024-05-24;;791;2025-03-05
23;e04665ab-da1a-4e27-a843-79105d8aa38e;Saída;;2024-05-25;792;2025-02-19
44;1ea9bf31-b522-4115-a5d0-3e513736f998;Entrada;2024-05-21;;793;2025-05-01
66;c8c2ed41-ff70-440c-a899-d44a905186e9;Saída;;2024-05-18;794;2024-09-17
58;abea23ea-ea26-4847-b79b-9a81bcb8a641;Entrada;2024-05-20;;795;2024-07-17
22;e60e7bee-3666-46fd-a864-b90f6d072812;Saída;;2024-05-26;796;2025-04-02
14;b1bc6862-0a1a-4438-9eaa-baafa3ad21fe;Entrada;2024-05-12;;797;2025-04-24
34;a7f964ca-f9c0-4c9f-94cb-5bcb5e2d47c4;Saída;;2024-05-28;798;2024-05-14
53;3c6ce96d-ee79-45d1-be76-543ac20ebcb5;Entrada;2024-05-06;;799;2024-09-21
15;9c86b43f-078e-4dbf-8e3f-88d9553d35e0;Saída;;2024-05-13;800;2025-04-10
39;c190119c-ee8f-4a36-a60e-f2c0bc5769ad;Entrada;2024-05-28;;801;2024-10-08
40;96bea489-1453-40c7-aa0c-2bc8ee6bc3bf;Saída;;2024-05-15;802;2024-05-14
19;56577aff-bab8-4c49-90e4-0aa428d026de;Entrada;2024-05-12;;803;2024-08-26
26;0e4578c0-8bea-4bff-9bb8-b7f01498e7e3;Saída;;2024-05-07;804;2024-05-05
66;8a8eab15-9b9a-4b52-b944-8d9d80269c2a;Entrada;2024-05-16;;805;2024-05-17
73;f635549a-9359-42e6-9516-8319c86c1030;Saída;;2024-05-14;806;2024-05-09
25;4eeac1ec-a7b5-4fa3-b138-a5cfc30f2861;Entrada;2024-05-02;;807;2024-10-23
46;83c0a0c8-aea6-4ec4-a924-a1e9861d67a9;Saída;;2024-05-09;808;2024-07-29
31;a122c825-2c9f-4e20-b295-00fcfae1de7d;Entrada;2024-05-10;;809;2024-12-17
19;772fca64-346b-44ed-a1a5-670abbbfeb2c;Saída;;2024-05-09;810;2025-02-01
36;9175429b-81f8-4783-a0dd-2db3b6782b07;Entrada;2024-05-25;;811;2025-02-08
69;b91559d2-b02e-47c5-831d-c9f77b3da0ba;Saída;;2024-05-23;812;2025-01-02
75;d332d5ad-10e0-4c0b-86b5-25f7483fd97c;Entrada;2024-05-02;;813;2025-03-20
45;29e3a71d-7997-43b7-b287-216d0dd74ffb;Saída;;2024-05-26;814;2024-09-06
49;832f926b-ec80-4966-9abd-4b178e5a661c;Entrada;2024-05-08;;815;2024-09-12
17;f5403331-9580-4858-ad0d-a2aa86fd5a02;Saída;;2024-05-21;816;2025-04-07
41;3c175fe1-c3c2-46cc-84df-91f51dddcb66;Entrada;2024-05-22;;817;2025-02-15
37;81130652-0ac6-48c6-acbb-5935aa639ccc;Saída;;2024-05-08;818;2025-03-24
59;0b7087bf-3e09-455a-b585-80f70529fdb4;Entrada;2024-05-22;;819;2025-04-15
2;58b45f0b-ecba-4870-8605-13edcf402a54;Saída;;2024-05-10;820;2024-05-17
43;ec05591a-7a06-4309-b94d-01827f595a1b;Entrada;2024-05-23;;821;2025-01-28
51;01b3cbe5-765f-40b1-bdbc-e21aea229e10;Saída;;2024-05-12;822;2024-12-19
45;bbc3c449-fca6-4c21-9e99-9b47f7f80525;Entrada;2024-05-13;;823;2024-12-12
8;c9303890-8a9a-4194-a147-1daaf0defd39;Saída;;2024-05-12;824;2024-06-16
21;01ffd903-5831-473f-af82-e79c1d8ddf2a;Entrada;2024-05-24;;825;2025-04-21
45;6a3bfb23-5ca4-4456-bbf5-7091b22e411a;Saída;;2024-05-17;826;2024-11-30
26;b525029a-97ca-4eb2-be45-de13d005ce2b;Entrada;2024-05-24;;827;2024-12-29
70;2d3abf74-7fa7-4d22-820a-82895fa5750a;Saída;;2024-05-30;828;2024-10-29
24;bea381a4-d633-41c2-b20e-de028d3f1622;Entrada;2024-05-29;;829;2024-05-07
27;e09a5c63-866b-4004-9dbb-02a10344e112;Saída;;2024-05-19;830;2024-05-15
29;8c968553-4edf-441b-8aeb-6c479d804ff7;Entrada;2024-05-21;;831;2025-03-09
50;399fb5ac-8de2-4f09-9b11-fc01c3f49fc2;Saída;;2024-05-29;832;2024-11-20
10;afd79d5a-c182-4122-89ff-c03755786d98;Entrada;2024-05-08;;833;2025-04-02
63;11d6d9a7-b089-4b4b-a563-760bbb9d5f81;Saída;;2024-05-06;834;2024-05-13
70;12f67fa4-656a-43bb-bf72-ac707ccb22ec;Entrada;2024-05-06;;835;2024-07-11
67;77828ec7-06c3-4d26-80a8-b67eb2e9629c;Saída;;2024-05-20;836;2025-02-22
53;c4591a0f-c9ee-40af-bc0a-1d286328558d;Entrada;2024-05-03;;837;2025-04-17
15;03351d3a-b1e0-4b49-9721-8f92ab49b698;Saída;;2024-05-12;838;2024-12-05
27;350e0223-2cc9-4325-a0b9-7087a6cdd577;Entrada;2024-05-29;;839;2024-10-18
65;21610cb4-f8d9-4a4f-887f-c1f805a3bd27;Saída;;2024-05-12;840;2025-01-04
22;a20569e4-16d1-4a1b-9f53-95908536b6dc;Entrada;2024-05-12;;841;2024-05-07
79;0d0c22bf-e28c-495c-9141-6bb98416c946;Saída;;2024-05-07;842;2024-05-15
59;42da320f-9ddb-48e5-a423-d25bafe7cbd3;Entrada;2024-05-09;;843;2024-07-23
57;3ae09a0a-6138-4f23-9060-8d3f0d994a2c;Saída;;2024-05-26;844;2024-12-21
15;a6446f24-ae86-45a6-8275-d964ff492764;Entrada;2024-05-20;;845;2024-12-13
35;36b7c689-b8a6-40ba-aa91-0609407fd922;Saída;;2024-05-17;846;2025-03-23
11;ce4aab1c-7aec-45ad-86cc-db17161856e0;Entrada;2024-05-25;;847;2025-04-12
54;caeeb386-d806-4e3b-998d-cd3c66581e54;Saída;;2024-05-06;848;2024-05-09
3;4c94e841-76f6-4cbb-8553-8397335c615a;Entrada;2024-05-02;;849;2024-08-12
18;8be71110-f5bc-43e0-9a44-b42a66bdb906;Saída;;2024-05-27;850;2024-11-30
44;669cc733-2e85-4303-8179-21ae1b999d63;Entrada;2024-05-05;;851;2024-10-28
55;01fb4acb-c5ed-4e12-a54b-a1d44bc755a4;Saída;;2024-05-02;852;2024-09-25
68;f55b7bb8-443c-4905-9318-8be08993ae87;Entrada;2024-05-09;;853;2025-04-01
15;d95db1b7-99ee-4a5f-aa5a-e3a5411e77f2;Saída;;2024-05-24;854;2024-11-06
28;c464fdca-aa95-4a43-8e02-a3e9f6420101;Entrada;2024-05-27;;855;2024-11-07
37;c7e3c24a-2e1d-4332-a156-349b35505b02;Saída;;2024-05-06;856;2024-08-25
24;62d0e00c-9c68-4224-ac24-5a2146bf28e9;Entrada;2024-05-18;;857;2024-12-10
3;51407e3a-9936-47c2-9c7d-8fd4fc5dc287;Saída;;2024-05-22;858;2024-09-22
17;405629cf-fb4d-4706-b010-08d55068ce1d;Entrada;2024-05-16;;859;2024-11-30
22;3260e270-3f9c-48f7-bb1a-bd25a84fc1f9;Saída;;2024-05-06;860;2024-05-12
41;c57a2802-af4b-4775-bd6a-625fe2da5d53;Entrada;2024-05-22;;861;2024-12-15
11;0414b0db-1ec6-4121-aa5d-2d234ad2025c;Saída;;2024-05-11;862;2025-01-08
7;d6a64ac5-6083-436a-ab1c-98a5d9b5c640;Entrada;2024-05-17;;863;2024-05-12
74;5e20dfb5-9ac9-4954-9856-09964e613c30;Saída;;2024-05-28;864;2025-01-14
73;14c702c1-af22-4b53-ade7-fb85881bc907;Entrada;2024-05-29;;865;2024-10-11
36;fc38f5ae-ab74-4f19-af6f-7fadadc7c850;Saída;;2024-05-22;866;2025-01-06
26;46c87b89-c62e-4d97-bc04-911b95774097;Entrada;2024-05-21;;867;2024-10-03
39;66fd86ea-cf0c-41df-9fb6-5d602467e537;Saída;;2024-05-22;868;2025-01-21
17;27ce04a9-16ba-4e8a-90da-494c13b36b45;Entrada;2024-05-22;;869;2024-11-17
63;41996e9a-31e9-4b17-86c5-06ed91883172;Saída;;2024-05-19;870;2024-10-07
16;2b5176e8-f3e5-499d-8ea7-d68e7b08c2c8;Entrada;2024-05-04;;871;2024-09-11
52;bdf4c702-54e3-4318-8c96-7bcb94bc2d72;Saída;;2024-05-23;872;2024-06-28
68;22393211-9686-4bad-b171-ed42c2cad6f1;Entrada;2024-05-07;;873;2024-07-16
33;b67104d6-510a-4238-bbe2-988a6c4be29f;Saída;;2024-05-16;874;2024-11-24
67;ed154129-0858-476f-b7c7-573b09a05347;Entrada;2024-05-07;;875;2024-08-27
59;c1380362-f903-43c5-b894-da0d06bf5255;Saída;;2024-05-18;876;2024-10-11
79;f811ff03-bb13-4c1a-882d-47ec775bce28;Entrada;2024-05-01;;877;2024-10-10
12;f1649e5d-1d55-452d-b976-49d8ca89ab37;Saída;;2024-05-02;878;2024-08-27
71;17ae8711-5264-47a0-919d-321fca1a3281;Entrada;2024-05-15;;879;2024-12-26
1;1dae0822-43b2-442a-a9fd-15c01ca369b9;Saída;;2024-05-25;880;2024-12-03
6;f5f0dc81-c9c2-460c-8bcb-a4c58e01b581;Entrada;2024-05-14;;881;2024-05-29
16;25f49e7c-caf3-4bbf-87b2-7470fd085236;Saída;;2024-05-26;882;2025-04-23
69;9f0290d8-0b1b-4798-a239-609e1c658ad7;Entrada;2024-05-22;;883;2024-06-05
50;b6b3057d-a0e6-441b-a736-06e3ba0fe564;Saída;;2024-05-18;884;2025-04-19
6;77960a90-1340-4f8b-8253-80ff7e8ad106;Entrada;2024-05-13;;885;2024-05-19
66;30fddefe-b143-4ea0-817a-05a42d3e4b46;Saída;;2024-05-21;886;2025-04-22
70;bc3327ab-c932-473b-bc5f-4140005ef708;Entrada;2024-05-10;;887;2024-10-05
58;e5931377-9d0e-4ea2-aa85-0afcce70be35;Saída;;2024-05-11;888;2024-11-27
30;0b5fcdd7-f2e3-4ae7-9920-da9ebc40cfc3;Entrada;2024-05-21;;889;2024-09-02
12;c3212ab9-4e20-4a87-93fc-b8e9c974f8f8;Saída;;2024-05-14;890;2024-11-05
19;5babb753-a232-4121-9d43-631336ecd9ef;Entrada;2024-05-22;;891;2024-07-25
79;7ae2c4b5-d7c3-46f2-bba3-17badd0062aa;Saída;;2024-05-21;892;2024-10-23
48;82553a35-91c0-49f7-800a-1ae5ba844134;Entrada;2024-05-09;;893;2025-04-27
7;b56f813a-d277-400c-a090-dd1c1ae64af9;Saída;;2024-05-10;894;2024-08-05
55;6e0b1e86-e94d-44f5-9288-40604e2a9e54;Entrada;2024-05-28;;895;2024-08-24
18;181728c4-02b6-4364-8620-94bbeeb8caba;Saída;;2024-05-10;896;2025-04-18
6;21c65542-6ac6-42ee-b7ac-c13ce38030da;Entrada;2024-05-20;;897;2025-03-08
71;238dd162-bd95-49d7-a517-4047e18dd68f;Saída;;2024-05-21;898;2025-03-15
25;b572d025-dc25-4c68-acfa-483b44eb9036;Entrada;2024-05-28;;899;2025-02-03
40;738787e7-fde7-4843-8787-220fcc83fa01;Saída;;2024-05-16;900;2024-11-16
52;f64c1b14-8117-45c5-ab22-ccb0dfa00b2f;Entrada;2024-05-15;;901;2024-12-13
53;2d1cf889-9f90-4c70-92db-0bdb20765124;Saída;;2024-05-26;902;2024-06-05
16;de5ae52f-7caa-4b69-ae7f-8cf2c9b8cbcc;Entrada;2024-05-02;;903;2024-11-01
27;9234f9dc-230e-4725-8326-4c4b993fb170;Saída;;2024-05-22;904;2024-06-05
65;8c3bccc5-5a25-49c4-a1d4-0ff311c3c38e;Entrada;2024-05-12;;905;2024-06-21
41;49e32d79-2641-4918-9a3e-d18779db96f1;Saída;;2024-05-28;906;2024-12-11
65;6bfdf7ff-a77a-40b6-976e-773bdd3aaf5b;Entrada;2024-05-29;;907;2024-08-12
48;5a4fa16e-1554-44a7-ab49-587ed7d4d936;Saída;;2024-05-22;908;2024-07-14
23;9d8614f5-7532-4839-a8bb-6d10f21a2aa2;Entrada;2024-05-25;;909;2024-08-16
56;d9c6b6c3-1260-47d5-9c28-7b2f2fc830c2;Saída;;2024-05-03;910;2024-08-01
34;0c15e9ca-4bd6-4eb9-aabb-49ecc6993c20;Entrada;2024-05-19;;911;2024-06-24
20;a8710029-7dde-47d9-a371-a8d3e23f433b;Saída;;2024-05-14;912;2025-04-22
28;d9903bab-66c0-4142-8ec1-057e91e7b336;Entrada;2024-05-19;;913;2025-04-16
78;cac5f641-0654-49b5-9a33-0a78a561ae76;Saída;;2024-05-21;914;2025-01-12
31;6cc42f5a-a56a-4361-b65d-7248548a4c9d;Entrada;2024-05-18;;915;2025-03-29
53;250520bb-3d41-401f-a8c8-6d368968809e;Saída;;2024-05-06;916;2024-10-21
22;28d41c8a-e59f-4040-8e95-6b2de433f75f;Entrada;2024-05-09;;917;2024-06-08
53;24b15c9c-3729-4757-a2b7-4d4e6fa2e0a6;Saída;;2024-05-01;918;2024-05-17
68;180d8191-c3d8-4adf-89d0-778cae263af7;Entrada;2024-05-15;;919;2024-05-22
40;e5364ec3-e719-40dd-8d7a-a9d0a3f74e9f;Saída;;2024-05-15;920;2024-06-23
69;15b6f680-f7eb-4598-b3c9-f7ce712ceeb0;Entrada;2024-05-26;;921;2024-05-28
54;ec516967-c8cc-467c-a30e-982edbf99d13;Saída;;2024-05-13;922;2024-06-12
41;56fa8299-3a35-4f10-9dda-cd122fa3f038;Entrada;2024-05-29;;923;2024-06-05
76;c9995a29-b355-4ee3-baa8-37f4bfa8949f;Saída;;2024-05-16;924;2024-06-25
63;46d462e8-c65e-4bfa-8a2d-93839e0708bf;Entrada;2024-05-12;;925;2025-01-12
79;f6ba2175-8848-4ef8-98b5-37dddc715583;Saída;;2024-05-25;926;2024-12-03
10;541490b8-f262-455f-95a4-2a928159101f;Entrada;2024-05-14;;927;2025-03-21
24;2eb30e97-9e68-4b68-9611-97b1c7570e89;Saída;;2024-05-10;928;2025-04-20
35;6ab53f42-63bc-4869-8677-e4b363a8ca5b;Entrada;2024-05-24;;929;2024-08-30
66;1be793c2-8988-4bcb-8570-cabc126b6e3b;Saída;;2024-05-16;930;2024-07-18
48;1b385084-fa62-44e5-b00f-f87971fe8c14;Entrada;2024-05-16;;931;2024-10-05
59;f899bf60-da70-4d4c-ad12-fd01da835082;Saída;;2024-05-09;932;2025-01-14
69;ab69a4cb-e68c-454f-bd91-cabb70ae7e0e;Entrada;2024-05-25;;933;2024-12-18
68;a1cee62d-5e21-4419-971f-fb69afe54767;Saída;;2024-05-15;934;2024-10-16
72;7ab01dd4-f2a4-42b8-b77d-538189dd40b4;Entrada;2024-05-09;;935;2024-10-03
43;97e98d39-2284-480f-8baa-fee04537e705;Saída;;2024-05-24;936;2024-07-28
8;e8dd8b09-3a9b-453f-958d-ff9c650f1e01;Entrada;2024-05-01;;937;2025-04-04
32;7e055d8b-1183-4115-a4e9-0362d5e9bf52;Saída;;2024-05-30;938;2024-06-29
3;c3dd083f-5ab0-4a2d-873a-a89d13eeaebd;Entrada;2024-05-29;;939;2025-01-09
30;8cc30d15-ddaf-4ca5-b4dd-7a9f562ed024;Saída;;2024-05-27;940;2024-07-17
23;4001d631-faca-473a-99d7-9a06b6405c7d;Entrada;2024-05-21;;941;2024-08-26
50;39ab5a31-e9b5-46c0-b42c-5d2a5324a185;Saída;;2024-05-01;942;2025-04-05
80;98fbff8b-2650-48eb-b065-73f56ef039fd;Entrada;2024-05-18;;943;2024-05-05
14;209ed07c-bb21-4f8e-82f6-e830d8b69baa;Saída;;2024-05-25;944;2024-08-06
66;a8137ad7-0342-4ffa-8894-a82c9cfde04e;Entrada;2024-05-01;;945;2024-09-06
41;f68757e8-e07a-40ac-a75f-71f146392851;Saída;;2024-05-10;946;2025-05-01
33;6c885e3d-80a7-47bd-ab19-c67cbc8115f2;Entrada;2024-05-03;;947;2024-07-22
80;0f1bdf2f-13a7-4bad-be67-5749fec4812a;Saída;;2024-05-12;948;2024-09-28
77;6ae6e552-2996-4c6c-8a70-2a919b285fb5;Entrada;2024-05-23;;949;2025-04-21
8;ff5692b1-1c58-4b11-ba82-ac9875e1aad1;Saída;;2024-05-19;950;2025-02-15
45;d9f6ffa5-62b7-4db6-97ca-7b982ed84d63;Entrada;2024-05-15;;951;2025-04-22
63;79be83ee-80a4-4c2d-9f97-2eedb27c4cfc;Saída;;2024-05-27;952;2024-08-11
64;1132e91f-8cbf-4dc4-827e-a8dca7a0ae21;Entrada;2024-05-30;;953;2024-09-15
59;c1130ea1-9579-43db-8d87-7884b56ec60d;Saída;;2024-05-10;954;2024-08-30
19;09481dd0-4475-4d7b-a8fc-da5324ed3377;Entrada;2024-05-05;;955;2024-09-10
52;28238547-9bb4-4b05-8a1c-63d5dfbffc88;Saída;;2024-05-04;956;2024-07-26
12;bfa49486-cf7e-4532-ba95-c8b0fc289169;Entrada;2024-05-03;;957;2025-02-25
55;45b65ed8-b35b-467d-871e-b0503e08cfaf;Saída;;2024-05-20;958;2024-07-29
32;c060efda-efb7-45b2-968a-45c349c99325;Entrada;2024-05-20;;959;2024-08-21
27;e26ccf8b-5ec9-4e3a-9d01-624222c53ea9;Saída;;2024-05-19;960;2025-01-29
9;cf3053e6-1a18-4d3d-9b3d-b3f9a8109a21;Entrada;2024-05-11;;961;2024-06-01
65;87a78dd8-c413-4b7c-aaca-3cdc10e1fe1f;Saída;;2024-05-23;962;2024-09-03
17;3e8b32dc-12ed-4e6d-bf34-e7dd52548e45;Entrada;2024-05-17;;963;2025-02-25
19;f4227491-5687-488e-ae93-240c4333b06e;Saída;;2024-05-04;964;2025-01-17
73;5e3d79ff-e1cb-4b77-b651-49366a18cddf;Entrada;2024-05-15;;965;2024-08-23
55;c0ca4620-eb8f-4e96-ac5a-a835dca0a54c;Saída;;2024-05-16;966;2024-05-26
12;fbdc7917-a33b-4644-906f-73bcbc8bc1de;Entrada;2024-05-19;;967;2024-08-06
12;8dd38fc9-9c13-4941-82b2-a8ae4b3eae8f;Saída;;2024-05-12;968;2025-02-02
59;897a064f-096d-431e-8282-f4df7a89cf1e;Entrada;2024-05-12;;969;2025-04-05
17;6d8ee409-0910-4dbe-ad19-07efbe547640;Saída;;2024-05-23;970;2024-09-06
30;9b67238c-ee27-493b-bc5a-761a47db102b;Entrada;2024-05-04;;971;2024-12-11
1;30ca137a-b671-4177-b37d-a5ddf8fb3caf;Saída;;2024-05-12;972;2024-09-06
54;7e3b295d-602d-4389-bfb1-16ff3e7bd360;Entrada;2024-05-28;;973;2024-12-21
62;a49ca401-5505-4842-928d-a23d6aa08428;Saída;;2024-05-21;974;2024-07-22
77;a8fdd835-99aa-49da-842c-a17c127b3dda;Entrada;2024-05-28;;975;2024-07-04
64;442f688d-a85b-4ac7-a805-54d67e7fdcde;Saída;;2024-05-06;976;2024-10-29
8;4c55e600-86f8-42f0-a0b5-524955c43861;Entrada;2024-05-19;;977;2025-03-27
47;2c1ae4cd-9be4-40da-ae75-aa41ccdbcfc4;Saída;;2024-05-10;978;2024-10-29
42;d60a97c7-e244-4177-99f8-7bcf7775ffd8;Entrada;2024-05-12;;979;2024-12-24
75;ef5f6775-1918-4285-9ca9-c749a083a910;Saída;;2024-05-25;980;2024-07-26
51;11c61c8e-1a68-4880-9c86-18d57c701b47;Entrada;2024-05-01;;981;2024-11-06
11;33b47d88-835e-47d8-a68c-61bf43e70426;Saída;;2024-05-04;982;2025-01-31
37;df1d4e50-fb94-4d3a-88b4-0c888948d147;Entrada;2024-05-30;;983;2024-05-15
46;04a51025-6411-4429-b77e-7cec889f8617;Saída;;2024-05-11;984;2025-03-17
54;7a975309-a489-4e44-abfe-f4c5f42ff531;Entrada;2024-05-18;;985;2025-04-30
45;1b45463b-2f6d-4bb2-b2fe-06fb3c40618c;Saída;;2024-05-24;986;2024-09-01
38;75cf3cce-38d3-452e-999c-cd5ab0e309c6;Entrada;2024-05-19;;987;2025-04-10
45;29646e30-17c6-48c4-bc27-5652b3ff06ad;Saída;;2024-05-15;988;2024-09-11
15;fe49f170-2473-4b0d-befd-06039cb0eb26;Entrada;2024-05-28;;989;2025-03-27
28;a5594e2b-b478-40ad-b46e-5a5bb3ff0615;Saída;;2024-05-03;990;2024-09-02
6;5a738db7-77f8-4441-a610-096bac923019;Entrada;2024-05-23;;991;2025-02-28
67;4eff20b9-a91b-493b-b74c-24352e2045e3;Saída;;2024-05-04;992;2025-03-15
10;bbd3d77a-acd0-4dc4-be8e-a95f26301328;Entrada;2024-05-05;;993;2024-11-23
35;f2858a6f-4f85-40ab-b23f-2daa0c0e0979;Saída;;2024-05-05;994;2024-09-10
6;d73eb45b-5e87-48b8-8c67-d5abf80e7ac3;Entrada;2024-05-01;;995;2024-06-08
55;ca2fb067-8645-4856-8346-ed238561c585;Saída;;2024-05-10;996;2024-06-05
21;20bff1ef-25f6-4a92-90dd-ddeab68ba8f0;Entrada;2024-05-24;;997;2025-03-04
28;ca82e0f0-89d7-4bb3-971c-6d7bb9460381;Saída;;2024-05-01;998;2024-05-16
15;77e512bf-ec72-4e42-9baa-ca02f710d7d9;Entrada;2024-05-15;;999;2025-02-18
46;9a21e1ce-4618-4fdc-89dd-34831187dd5e;Saída;;2024-05-14;1000;2025-03-11
